day,month,year,weekday,hour,minute,matchday,homeId,awayId,scoreHomeHt,scoreAwayHt,target
25.0,11.0,2023.0,6.0,15.0,0.0,17.0,332.0,345.0,1.0,1.0,1.0
10.0,12.0,2022.0,6.0,15.0,0.0,22.0,72.0,68.0,0.0,1.0,0.0
11.0,11.0,2023.0,6.0,15.0,0.0,12.0,57.0,328.0,1.0,0.0,1.0
25.0,11.0,2023.0,6.0,15.0,0.0,13.0,356.0,1044.0,0.0,2.0,0.0
28.0,10.0,2023.0,6.0,11.0,30.0,14.0,341.0,394.0,4.0,0.0,1.0
1.0,4.0,2023.0,6.0,14.0,0.0,39.0,68.0,356.0,0.0,0.0,0.0
2.0,12.0,2023.0,6.0,15.0,0.0,19.0,349.0,1076.0,2.0,0.0,1.0
17.0,10.0,2021.0,7.0,13.0,0.0,8.0,62.0,563.0,0.0,0.0,0.0
5.0,4.0,2022.0,2.0,18.0,45.0,22.0,356.0,69.0,1.0,0.0,1.0
25.0,2.0,2023.0,6.0,15.0,0.0,34.0,70.0,384.0,0.0,1.0,0.0
25.0,11.0,2023.0,6.0,15.0,0.0,13.0,351.0,397.0,1.0,2.0,0.0
28.0,10.0,2022.0,5.0,19.0,0.0,18.0,332.0,69.0,2.0,0.0,1.0
26.0,12.0,2023.0,2.0,15.0,0.0,24.0,385.0,343.0,0.0,0.0,1.0
31.0,8.0,2022.0,3.0,18.0,30.0,5.0,57.0,58.0,1.0,0.0,1.0
26.0,2.0,2022.0,6.0,15.0,0.0,35.0,389.0,342.0,0.0,0.0,1.0
20.0,8.0,2022.0,6.0,14.0,0.0,3.0,338.0,340.0,0.0,0.0,0.0
27.0,10.0,2023.0,5.0,19.0,0.0,10.0,354.0,73.0,0.0,0.0,0.0
6.0,11.0,2022.0,7.0,16.0,30.0,15.0,73.0,64.0,0.0,2.0,0.0
6.0,11.0,2021.0,6.0,15.0,0.0,17.0,1077.0,63.0,0.0,0.0,0.0
16.0,10.0,2021.0,6.0,14.0,0.0,12.0,356.0,70.0,0.0,0.0,1.0
3.0,3.0,2024.0,7.0,13.0,0.0,27.0,328.0,1044.0,0.0,1.0,0.0
10.0,5.0,2022.0,2.0,19.0,0.0,33.0,58.0,64.0,1.0,1.0,0.0
26.0,8.0,2023.0,6.0,14.0,0.0,4.0,332.0,1138.0,1.0,0.0,1.0
20.0,11.0,2021.0,6.0,15.0,0.0,18.0,70.0,1077.0,1.0,0.0,1.0
2.0,12.0,2021.0,4.0,20.0,15.0,14.0,66.0,57.0,1.0,1.0,1.0
29.0,12.0,2021.0,3.0,19.0,45.0,25.0,336.0,343.0,0.0,0.0,0.0
11.0,1.0,2022.0,2.0,19.0,45.0,18.0,340.0,402.0,2.0,1.0,1.0
29.0,10.0,2022.0,6.0,14.0,0.0,18.0,328.0,355.0,0.0,0.0,1.0
23.0,4.0,2022.0,6.0,14.0,0.0,44.0,1077.0,351.0,0.0,1.0,0.0
29.0,4.0,2023.0,6.0,16.0,30.0,45.0,74.0,68.0,1.0,1.0,1.0
30.0,4.0,2022.0,6.0,14.0,0.0,35.0,346.0,328.0,1.0,0.0,0.0
5.0,3.0,2022.0,6.0,15.0,0.0,36.0,342.0,357.0,1.0,0.0,1.0
28.0,10.0,2023.0,6.0,14.0,0.0,14.0,69.0,338.0,1.0,1.0,0.0
25.0,11.0,2023.0,6.0,15.0,0.0,17.0,338.0,346.0,0.0,0.0,1.0
6.0,5.0,2023.0,6.0,14.0,0.0,35.0,1044.0,61.0,1.0,1.0,0.0
1.0,10.0,2022.0,6.0,14.0,0.0,9.0,340.0,62.0,0.0,0.0,0.0
26.0,2.0,2022.0,6.0,12.0,30.0,27.0,341.0,73.0,0.0,3.0,0.0
16.0,12.0,2023.0,6.0,17.0,30.0,17.0,328.0,62.0,0.0,2.0,0.0
17.0,2.0,2024.0,6.0,15.0,0.0,33.0,70.0,1076.0,0.0,0.0,0.0
23.0,2.0,2022.0,3.0,19.0,45.0,34.0,63.0,1077.0,1.0,0.0,1.0
17.0,12.0,2023.0,7.0,14.0,0.0,17.0,563.0,76.0,2.0,0.0,1.0
23.0,4.0,2024.0,2.0,19.0,0.0,29.0,57.0,61.0,1.0,0.0,1.0
7.0,5.0,2022.0,6.0,16.0,30.0,36.0,397.0,66.0,1.0,0.0,1.0
11.0,2.0,2023.0,6.0,15.0,0.0,23.0,340.0,76.0,1.0,0.0,0.0
21.0,8.0,2021.0,6.0,16.0,30.0,2.0,397.0,346.0,2.0,0.0,1.0
9.0,12.0,2023.0,6.0,17.0,30.0,16.0,58.0,57.0,1.0,0.0,1.0
5.0,2.0,2024.0,1.0,20.0,0.0,23.0,402.0,65.0,1.0,1.0,0.0
15.0,2.0,2023.0,3.0,19.0,45.0,32.0,70.0,394.0,1.0,0.0,1.0
30.0,10.0,2021.0,6.0,14.0,0.0,10.0,346.0,340.0,0.0,1.0,0.0
4.0,12.0,2021.0,6.0,15.0,0.0,21.0,387.0,342.0,1.0,0.0,1.0
9.0,12.0,2023.0,6.0,12.0,30.0,20.0,59.0,341.0,0.0,1.0,0.0
28.0,11.0,2023.0,2.0,19.0,45.0,18.0,322.0,385.0,3.0,0.0,1.0
11.0,2.0,2023.0,6.0,15.0,0.0,31.0,715.0,343.0,1.0,2.0,0.0
20.0,9.0,2023.0,3.0,18.0,45.0,7.0,384.0,385.0,1.0,0.0,1.0
7.0,11.0,2021.0,7.0,14.0,0.0,11.0,57.0,346.0,0.0,0.0,1.0
10.0,12.0,2023.0,7.0,14.0,0.0,16.0,63.0,563.0,3.0,0.0,1.0
20.0,4.0,2022.0,3.0,19.0,0.0,30.0,65.0,397.0,0.0,0.0,1.0
14.0,2.0,2023.0,2.0,19.0,45.0,32.0,332.0,715.0,0.0,0.0,0.0
2.0,10.0,2021.0,6.0,14.0,0.0,7.0,341.0,346.0,1.0,0.0,1.0
21.0,8.0,2021.0,6.0,11.0,30.0,2.0,64.0,328.0,1.0,0.0,1.0
23.0,12.0,2023.0,6.0,15.0,0.0,23.0,69.0,340.0,0.0,1.0,0.0
9.0,4.0,2024.0,2.0,18.0,45.0,42.0,384.0,338.0,0.0,0.0,1.0
4.0,4.0,2024.0,4.0,18.0,30.0,31.0,64.0,356.0,1.0,0.0,1.0
22.0,1.0,2022.0,6.0,15.0,0.0,28.0,70.0,63.0,1.0,2.0,0.0
25.0,2.0,2023.0,6.0,15.0,0.0,34.0,74.0,343.0,2.0,0.0,1.0
24.0,4.0,2024.0,3.0,19.0,0.0,29.0,354.0,67.0,0.0,0.0,1.0
2.0,11.0,2021.0,2.0,19.0,45.0,16.0,1076.0,72.0,1.0,2.0,0.0
6.0,11.0,2021.0,6.0,15.0,0.0,17.0,351.0,1081.0,2.0,0.0,1.0
16.0,3.0,2022.0,3.0,19.0,45.0,38.0,384.0,394.0,1.0,0.0,1.0
12.0,11.0,2022.0,6.0,15.0,0.0,21.0,75.0,336.0,0.0,1.0,1.0
28.0,5.0,2023.0,7.0,15.0,30.0,38.0,66.0,63.0,1.0,1.0,1.0
2.0,12.0,2023.0,6.0,12.0,30.0,19.0,74.0,338.0,0.0,0.0,0.0
26.0,4.0,2023.0,3.0,18.0,30.0,33.0,351.0,397.0,1.0,1.0,1.0
1.0,1.0,2024.0,1.0,15.0,0.0,26.0,341.0,332.0,2.0,0.0,1.0
17.0,4.0,2023.0,1.0,19.0,0.0,31.0,341.0,64.0,0.0,2.0,0.0
11.0,11.0,2023.0,6.0,15.0,0.0,16.0,349.0,72.0,2.0,1.0,1.0
14.0,9.0,2022.0,3.0,19.0,0.0,10.0,74.0,332.0,1.0,1.0,0.0
13.0,4.0,2024.0,6.0,14.0,0.0,43.0,74.0,71.0,0.0,1.0,0.0
11.0,9.0,2021.0,6.0,16.0,30.0,4.0,61.0,58.0,1.0,0.0,1.0
16.0,3.0,2022.0,3.0,20.0,15.0,27.0,57.0,64.0,0.0,0.0,0.0
23.0,2.0,2022.0,3.0,19.0,45.0,34.0,70.0,389.0,0.0,0.0,0.0
4.0,3.0,2023.0,6.0,15.0,0.0,35.0,389.0,72.0,1.0,0.0,1.0
20.0,5.0,2023.0,6.0,11.0,30.0,37.0,73.0,402.0,1.0,0.0,0.0
17.0,2.0,2024.0,6.0,15.0,0.0,33.0,72.0,349.0,1.0,2.0,0.0
16.0,9.0,2023.0,6.0,18.0,45.0,6.0,715.0,72.0,0.0,0.0,1.0
20.0,8.0,2022.0,6.0,14.0,0.0,3.0,63.0,402.0,2.0,1.0,1.0
27.0,11.0,2021.0,6.0,15.0,0.0,20.0,332.0,336.0,0.0,0.0,1.0
17.0,8.0,2022.0,3.0,19.0,0.0,4.0,355.0,59.0,1.0,0.0,1.0
16.0,10.0,2021.0,6.0,14.0,0.0,12.0,343.0,1077.0,0.0,0.0,1.0
26.0,12.0,2022.0,1.0,15.0,0.0,24.0,343.0,75.0,1.0,0.0,1.0
21.0,4.0,2022.0,4.0,18.0,45.0,30.0,328.0,340.0,2.0,0.0,1.0
19.0,2.0,2023.0,7.0,14.0,0.0,24.0,66.0,338.0,1.0,0.0,1.0
15.0,10.0,2022.0,6.0,14.0,0.0,15.0,715.0,1076.0,0.0,1.0,0.0
2.0,10.0,2021.0,6.0,14.0,0.0,11.0,332.0,351.0,0.0,2.0,0.0
6.0,4.0,2024.0,6.0,14.0,0.0,41.0,1076.0,341.0,1.0,0.0,1.0
27.0,8.0,2022.0,6.0,14.0,0.0,6.0,385.0,332.0,1.0,0.0,1.0
24.0,9.0,2023.0,7.0,13.0,0.0,6.0,397.0,1044.0,1.0,1.0,1.0
6.0,11.0,2021.0,6.0,15.0,0.0,17.0,1076.0,387.0,0.0,1.0,1.0
3.0,2.0,2024.0,6.0,15.0,0.0,30.0,74.0,332.0,0.0,0.0,1.0
7.0,5.0,2022.0,6.0,14.0,0.0,36.0,402.0,340.0,2.0,0.0,1.0
27.0,8.0,2022.0,6.0,14.0,0.0,4.0,61.0,338.0,0.0,0.0,1.0
7.0,8.0,2021.0,6.0,14.0,0.0,1.0,70.0,355.0,2.0,1.0,1.0
27.0,8.0,2023.0,7.0,15.0,30.0,3.0,67.0,64.0,1.0,0.0,0.0
28.0,10.0,2023.0,6.0,14.0,0.0,14.0,343.0,70.0,0.0,2.0,0.0
23.0,12.0,2023.0,6.0,12.0,30.0,23.0,341.0,349.0,3.0,0.0,1.0
27.0,4.0,2024.0,6.0,16.0,30.0,35.0,62.0,402.0,0.0,0.0,1.0
26.0,8.0,2023.0,6.0,16.0,30.0,3.0,397.0,563.0,0.0,1.0,0.0
14.0,8.0,2021.0,6.0,14.0,0.0,2.0,351.0,1044.0,0.0,1.0,0.0
30.0,4.0,2022.0,6.0,14.0,0.0,45.0,1076.0,394.0,0.0,1.0,0.0
9.0,10.0,2022.0,7.0,11.0,0.0,14.0,394.0,322.0,1.0,0.0,1.0
23.0,9.0,2023.0,6.0,14.0,0.0,8.0,1138.0,68.0,4.0,0.0,1.0
11.0,9.0,2021.0,6.0,14.0,0.0,4.0,57.0,68.0,0.0,0.0,1.0
9.0,2.0,2022.0,3.0,19.0,45.0,31.0,59.0,351.0,0.0,1.0,0.0
11.0,2.0,2023.0,6.0,15.0,0.0,31.0,387.0,68.0,1.0,0.0,1.0
19.0,4.0,2023.0,3.0,18.0,45.0,43.0,72.0,1081.0,3.0,0.0,1.0
30.0,10.0,2021.0,6.0,14.0,0.0,10.0,67.0,61.0,0.0,0.0,0.0
11.0,11.0,2023.0,6.0,15.0,0.0,16.0,340.0,74.0,1.0,0.0,1.0
20.0,8.0,2023.0,7.0,13.0,0.0,2.0,58.0,62.0,2.0,0.0,1.0
18.0,2.0,2023.0,6.0,15.0,0.0,33.0,343.0,69.0,0.0,0.0,1.0
28.0,5.0,2023.0,7.0,15.0,30.0,38.0,402.0,65.0,0.0,0.0,1.0
19.0,8.0,2023.0,6.0,14.0,0.0,3.0,71.0,385.0,1.0,1.0,1.0
24.0,1.0,2024.0,3.0,19.0,45.0,29.0,341.0,68.0,1.0,0.0,1.0
18.0,4.0,2023.0,2.0,18.0,45.0,43.0,70.0,75.0,0.0,0.0,0.0
15.0,9.0,2021.0,3.0,18.0,45.0,7.0,332.0,63.0,0.0,2.0,0.0
15.0,1.0,2022.0,6.0,15.0,0.0,27.0,384.0,351.0,0.0,0.0,0.0
21.0,8.0,2021.0,6.0,14.0,0.0,4.0,1081.0,1077.0,1.0,0.0,1.0
11.0,11.0,2023.0,6.0,15.0,0.0,16.0,345.0,384.0,0.0,2.0,0.0
6.0,4.0,2024.0,6.0,14.0,0.0,41.0,338.0,332.0,1.0,1.0,1.0
26.0,12.0,2023.0,2.0,15.0,0.0,24.0,322.0,71.0,0.0,0.0,0.0
29.0,11.0,2023.0,3.0,19.0,45.0,18.0,341.0,72.0,2.0,1.0,1.0
28.0,8.0,2021.0,6.0,14.0,0.0,3.0,68.0,338.0,1.0,1.0,0.0
6.0,11.0,2021.0,6.0,15.0,0.0,11.0,402.0,68.0,0.0,2.0,0.0
4.0,5.0,2023.0,4.0,18.0,45.0,44.0,394.0,356.0,0.0,0.0,1.0
1.0,10.0,2022.0,6.0,14.0,0.0,12.0,385.0,75.0,0.0,1.0,0.0
30.0,4.0,2023.0,7.0,11.0,0.0,45.0,715.0,394.0,0.0,0.0,0.0
3.0,10.0,2023.0,2.0,18.0,45.0,10.0,1138.0,384.0,0.0,0.0,0.0
4.0,3.0,2023.0,6.0,15.0,0.0,35.0,343.0,355.0,2.0,0.0,1.0
18.0,9.0,2021.0,6.0,11.0,30.0,8.0,322.0,356.0,0.0,1.0,0.0
29.0,12.0,2022.0,4.0,20.0,0.0,25.0,74.0,1081.0,1.0,0.0,1.0
30.0,12.0,2021.0,4.0,19.0,45.0,25.0,351.0,394.0,0.0,1.0,0.0
16.0,3.0,2022.0,3.0,19.0,45.0,38.0,389.0,1081.0,3.0,0.0,1.0
9.0,4.0,2022.0,6.0,14.0,0.0,41.0,74.0,70.0,0.0,1.0,0.0
20.0,10.0,2021.0,3.0,18.0,45.0,13.0,72.0,74.0,0.0,1.0,1.0
10.0,3.0,2022.0,4.0,19.0,45.0,20.0,341.0,58.0,0.0,1.0,0.0
16.0,8.0,2022.0,2.0,18.0,45.0,4.0,68.0,394.0,2.0,0.0,1.0
1.0,10.0,2022.0,6.0,11.0,30.0,9.0,57.0,73.0,1.0,1.0,1.0
7.0,4.0,2023.0,5.0,14.0,0.0,40.0,336.0,715.0,0.0,3.0,0.0
8.0,4.0,2023.0,6.0,14.0,0.0,30.0,338.0,1044.0,0.0,1.0,0.0
27.0,8.0,2022.0,6.0,14.0,0.0,6.0,343.0,72.0,2.0,0.0,1.0
21.0,2.0,2023.0,2.0,19.0,45.0,29.0,385.0,71.0,1.0,0.0,1.0
26.0,8.0,2023.0,6.0,14.0,0.0,4.0,715.0,345.0,0.0,0.0,1.0
29.0,12.0,2023.0,5.0,19.0,45.0,25.0,322.0,59.0,2.0,2.0,1.0
6.0,8.0,2022.0,6.0,14.0,0.0,2.0,356.0,384.0,2.0,0.0,1.0
16.0,1.0,2022.0,7.0,12.0,0.0,27.0,322.0,70.0,0.0,1.0,0.0
20.0,8.0,2022.0,6.0,16.0,30.0,3.0,1044.0,57.0,0.0,2.0,0.0
29.0,3.0,2024.0,5.0,17.0,30.0,39.0,59.0,349.0,0.0,1.0,0.0
26.0,12.0,2021.0,7.0,20.0,0.0,19.0,397.0,402.0,2.0,0.0,1.0
8.0,3.0,2022.0,2.0,19.0,45.0,26.0,1076.0,389.0,0.0,1.0,0.0
10.0,2.0,2024.0,6.0,12.0,30.0,24.0,65.0,62.0,0.0,0.0,1.0
22.0,1.0,2023.0,7.0,16.0,30.0,21.0,57.0,66.0,1.0,1.0,1.0
1.0,1.0,2023.0,7.0,14.0,0.0,18.0,73.0,58.0,0.0,0.0,0.0
19.0,2.0,2022.0,6.0,15.0,0.0,33.0,389.0,74.0,0.0,0.0,1.0
25.0,11.0,2023.0,6.0,15.0,0.0,17.0,387.0,343.0,2.0,0.0,1.0
27.0,12.0,2022.0,2.0,17.0,30.0,17.0,61.0,1044.0,2.0,0.0,1.0
19.0,4.0,2023.0,3.0,18.0,45.0,43.0,346.0,715.0,1.0,3.0,0.0
1.0,10.0,2021.0,5.0,18.0,45.0,11.0,70.0,74.0,0.0,0.0,1.0
20.0,11.0,2021.0,6.0,15.0,0.0,12.0,68.0,340.0,1.0,1.0,1.0
3.0,9.0,2022.0,6.0,14.0,0.0,6.0,61.0,563.0,0.0,0.0,1.0
5.0,10.0,2022.0,3.0,19.0,0.0,13.0,1081.0,74.0,1.0,0.0,1.0
4.0,3.0,2023.0,6.0,15.0,0.0,35.0,384.0,68.0,1.0,1.0,0.0
21.0,11.0,2021.0,7.0,14.0,0.0,12.0,65.0,62.0,1.0,0.0,1.0
28.0,5.0,2023.0,7.0,15.0,30.0,38.0,58.0,397.0,2.0,1.0,1.0
30.0,9.0,2023.0,6.0,14.0,0.0,9.0,387.0,70.0,2.0,1.0,0.0
13.0,5.0,2023.0,6.0,14.0,0.0,36.0,340.0,63.0,0.0,0.0,0.0
16.0,9.0,2023.0,6.0,14.0,0.0,6.0,1081.0,1138.0,2.0,0.0,1.0
16.0,4.0,2022.0,6.0,14.0,0.0,33.0,340.0,57.0,1.0,0.0,1.0
22.0,10.0,2022.0,6.0,14.0,0.0,13.0,62.0,354.0,1.0,0.0,1.0
26.0,12.0,2021.0,7.0,15.0,0.0,24.0,343.0,351.0,1.0,0.0,1.0
6.0,8.0,2022.0,6.0,14.0,0.0,1.0,67.0,351.0,0.0,0.0,1.0
8.0,5.0,2022.0,7.0,15.0,30.0,36.0,65.0,67.0,2.0,0.0,1.0
12.0,2.0,2023.0,7.0,14.0,0.0,23.0,341.0,66.0,0.0,0.0,0.0
13.0,11.0,2022.0,7.0,16.0,30.0,16.0,63.0,66.0,0.0,1.0,0.0
31.0,3.0,2024.0,7.0,13.0,0.0,30.0,64.0,397.0,1.0,1.0,1.0
15.0,4.0,2023.0,6.0,16.0,30.0,31.0,65.0,338.0,3.0,0.0,1.0
9.0,3.0,2024.0,6.0,15.0,0.0,28.0,76.0,63.0,0.0,0.0,1.0
20.0,1.0,2024.0,6.0,15.0,0.0,28.0,69.0,384.0,1.0,0.0,1.0
21.0,10.0,2023.0,6.0,14.0,0.0,9.0,67.0,354.0,3.0,0.0,1.0
24.0,2.0,2024.0,6.0,15.0,0.0,34.0,715.0,70.0,2.0,1.0,1.0
1.0,11.0,2022.0,2.0,20.0,0.0,19.0,74.0,336.0,0.0,0.0,1.0
25.0,10.0,2023.0,3.0,18.0,45.0,13.0,332.0,322.0,0.0,1.0,0.0
10.0,3.0,2024.0,7.0,14.0,0.0,28.0,397.0,351.0,1.0,0.0,1.0
29.0,12.0,2022.0,4.0,18.0,0.0,25.0,69.0,389.0,0.0,1.0,0.0
19.0,5.0,2022.0,4.0,18.0,45.0,33.0,62.0,354.0,0.0,2.0,1.0
18.0,2.0,2023.0,6.0,15.0,0.0,33.0,394.0,332.0,1.0,1.0,1.0
27.0,4.0,2024.0,6.0,14.0,0.0,45.0,345.0,74.0,1.0,0.0,1.0
11.0,12.0,2021.0,6.0,15.0,0.0,22.0,1077.0,384.0,0.0,1.0,1.0
16.0,9.0,2023.0,6.0,14.0,0.0,6.0,59.0,343.0,1.0,0.0,1.0
23.0,4.0,2023.0,7.0,13.0,0.0,32.0,1044.0,563.0,0.0,3.0,0.0
18.0,12.0,2021.0,6.0,17.0,30.0,18.0,341.0,57.0,0.0,3.0,0.0
8.0,2.0,2022.0,2.0,19.0,45.0,31.0,70.0,72.0,0.0,0.0,1.0
18.0,10.0,2022.0,2.0,19.0,15.0,12.0,354.0,76.0,0.0,1.0,1.0
2.0,3.0,2024.0,6.0,15.0,0.0,35.0,384.0,346.0,1.0,0.0,1.0
21.0,1.0,2023.0,6.0,15.0,0.0,21.0,563.0,62.0,2.0,0.0,1.0
11.0,3.0,2023.0,6.0,15.0,0.0,36.0,74.0,394.0,1.0,0.0,1.0
14.0,8.0,2023.0,1.0,19.0,0.0,1.0,66.0,76.0,0.0,0.0,1.0
14.0,9.0,2022.0,3.0,19.0,0.0,10.0,355.0,71.0,0.0,2.0,0.0
11.0,2.0,2024.0,7.0,16.0,30.0,24.0,58.0,66.0,0.0,1.0,0.0
7.0,4.0,2023.0,5.0,14.0,0.0,40.0,69.0,1081.0,0.0,0.0,0.0
3.0,2.0,2024.0,6.0,15.0,0.0,30.0,70.0,338.0,0.0,2.0,0.0
17.0,2.0,2024.0,6.0,15.0,0.0,25.0,73.0,76.0,0.0,1.0,0.0
26.0,8.0,2023.0,6.0,14.0,0.0,4.0,384.0,70.0,1.0,0.0,1.0
18.0,9.0,2021.0,6.0,14.0,0.0,8.0,69.0,387.0,0.0,1.0,0.0
3.0,4.0,2022.0,7.0,13.0,0.0,31.0,563.0,62.0,1.0,0.0,1.0
2.0,9.0,2023.0,6.0,11.0,30.0,5.0,71.0,340.0,3.0,0.0,1.0
13.0,8.0,2022.0,6.0,14.0,0.0,3.0,384.0,1076.0,1.0,2.0,1.0
30.0,10.0,2022.0,7.0,16.0,15.0,14.0,66.0,563.0,1.0,0.0,1.0
29.0,11.0,2023.0,3.0,19.0,45.0,18.0,59.0,332.0,0.0,0.0,1.0
26.0,12.0,2021.0,7.0,17.0,30.0,19.0,58.0,61.0,1.0,1.0,0.0
4.0,10.0,2022.0,2.0,18.0,45.0,13.0,356.0,69.0,0.0,0.0,0.0
26.0,12.0,2022.0,1.0,12.0,30.0,24.0,71.0,59.0,1.0,1.0,1.0
19.0,2.0,2022.0,6.0,15.0,0.0,26.0,57.0,402.0,0.0,0.0,1.0
30.0,4.0,2023.0,7.0,13.0,0.0,34.0,63.0,65.0,1.0,2.0,0.0
5.0,3.0,2024.0,2.0,19.0,45.0,36.0,1076.0,385.0,4.0,0.0,1.0
19.0,1.0,2023.0,4.0,20.0,0.0,7.0,65.0,73.0,0.0,2.0,1.0
5.0,3.0,2024.0,2.0,19.0,45.0,36.0,345.0,1138.0,0.0,0.0,1.0
30.0,9.0,2023.0,6.0,11.0,30.0,7.0,58.0,397.0,3.0,0.0,1.0
29.0,1.0,2022.0,6.0,15.0,0.0,29.0,322.0,72.0,2.0,0.0,1.0
13.0,4.0,2024.0,6.0,14.0,0.0,33.0,65.0,389.0,1.0,0.0,1.0
16.0,3.0,2024.0,6.0,15.0,0.0,38.0,349.0,345.0,3.0,0.0,1.0
24.0,2.0,2024.0,6.0,15.0,0.0,34.0,69.0,385.0,0.0,1.0,1.0
21.0,8.0,2022.0,7.0,13.0,0.0,3.0,563.0,397.0,0.0,1.0,0.0
2.0,4.0,2022.0,6.0,11.0,30.0,40.0,336.0,351.0,0.0,3.0,0.0
11.0,5.0,2024.0,6.0,11.0,30.0,37.0,63.0,65.0,0.0,1.0,0.0
26.0,8.0,2023.0,6.0,14.0,0.0,3.0,62.0,76.0,0.0,0.0,0.0
18.0,8.0,2021.0,3.0,18.0,45.0,3.0,332.0,1044.0,0.0,0.0,0.0
20.0,10.0,2021.0,3.0,18.0,45.0,13.0,322.0,1077.0,1.0,1.0,0.0
7.0,4.0,2023.0,5.0,14.0,0.0,40.0,70.0,387.0,1.0,0.0,0.0
6.0,8.0,2022.0,6.0,14.0,0.0,2.0,69.0,343.0,3.0,1.0,1.0
9.0,3.0,2024.0,6.0,15.0,0.0,37.0,69.0,343.0,0.0,0.0,0.0
15.0,10.0,2022.0,6.0,11.0,30.0,15.0,385.0,394.0,1.0,1.0,1.0
11.0,12.0,2021.0,6.0,15.0,0.0,22.0,342.0,336.0,0.0,0.0,1.0
22.0,10.0,2022.0,6.0,14.0,0.0,17.0,355.0,387.0,0.0,0.0,1.0
29.0,9.0,2021.0,3.0,18.0,45.0,10.0,63.0,72.0,3.0,1.0,1.0
29.0,12.0,2022.0,4.0,19.0,45.0,25.0,394.0,385.0,1.0,0.0,1.0
29.0,1.0,2022.0,6.0,15.0,0.0,29.0,69.0,355.0,3.0,0.0,1.0
18.0,2.0,2023.0,6.0,15.0,0.0,24.0,397.0,63.0,0.0,0.0,0.0
10.0,2.0,2024.0,6.0,15.0,0.0,24.0,73.0,397.0,0.0,1.0,1.0
2.0,4.0,2022.0,6.0,14.0,0.0,40.0,1077.0,343.0,0.0,1.0,0.0
12.0,11.0,2022.0,6.0,19.0,45.0,16.0,76.0,57.0,0.0,0.0,0.0
19.0,10.0,2022.0,3.0,18.0,30.0,12.0,1044.0,340.0,0.0,1.0,0.0
15.0,1.0,2022.0,6.0,12.0,30.0,27.0,715.0,59.0,0.0,1.0,0.0
3.0,4.0,2022.0,7.0,15.0,30.0,31.0,73.0,67.0,1.0,1.0,1.0
29.0,1.0,2022.0,6.0,15.0,0.0,29.0,343.0,1076.0,0.0,0.0,1.0
15.0,1.0,2022.0,6.0,12.0,30.0,22.0,65.0,61.0,0.0,0.0,1.0
14.0,2.0,2024.0,3.0,19.0,45.0,32.0,70.0,69.0,1.0,0.0,1.0
29.0,3.0,2024.0,5.0,15.0,0.0,39.0,394.0,1076.0,0.0,2.0,0.0
11.0,5.0,2024.0,6.0,14.0,0.0,37.0,1044.0,402.0,0.0,0.0,0.0
2.0,2.0,2024.0,5.0,20.0,0.0,30.0,387.0,341.0,0.0,0.0,0.0
15.0,4.0,2022.0,5.0,14.0,0.0,42.0,74.0,336.0,1.0,0.0,1.0
14.0,4.0,2024.0,7.0,15.0,30.0,33.0,57.0,58.0,0.0,0.0,0.0
3.0,9.0,2023.0,7.0,13.0,0.0,4.0,354.0,76.0,0.0,0.0,1.0
21.0,1.0,2023.0,6.0,15.0,0.0,21.0,340.0,58.0,0.0,0.0,0.0
20.0,11.0,2021.0,6.0,15.0,0.0,18.0,1081.0,715.0,1.0,0.0,0.0
29.0,12.0,2023.0,5.0,19.0,45.0,25.0,715.0,338.0,0.0,1.0,0.0
21.0,10.0,2023.0,6.0,19.0,0.0,9.0,356.0,66.0,1.0,1.0,0.0
29.0,4.0,2023.0,6.0,14.0,0.0,34.0,402.0,351.0,0.0,1.0,1.0
16.0,10.0,2021.0,6.0,14.0,0.0,8.0,340.0,341.0,0.0,0.0,1.0
18.0,4.0,2022.0,1.0,14.0,0.0,43.0,357.0,1077.0,0.0,1.0,0.0
30.0,12.0,2022.0,5.0,19.0,45.0,25.0,70.0,328.0,0.0,0.0,0.0
20.0,11.0,2021.0,6.0,15.0,0.0,18.0,63.0,357.0,2.0,0.0,1.0
17.0,2.0,2024.0,6.0,15.0,0.0,25.0,351.0,563.0,1.0,0.0,1.0
29.0,8.0,2021.0,7.0,15.0,30.0,3.0,76.0,66.0,0.0,0.0,0.0
16.0,12.0,2023.0,6.0,15.0,0.0,17.0,61.0,356.0,0.0,0.0,1.0
18.0,9.0,2021.0,6.0,14.0,0.0,8.0,63.0,355.0,0.0,1.0,0.0
15.0,10.0,2022.0,6.0,18.0,45.0,15.0,346.0,68.0,2.0,1.0,1.0
29.0,12.0,2023.0,5.0,19.0,45.0,25.0,394.0,343.0,0.0,0.0,0.0
3.0,3.0,2023.0,5.0,20.0,0.0,35.0,322.0,74.0,1.0,0.0,1.0
30.0,7.0,2022.0,6.0,14.0,0.0,1.0,715.0,68.0,0.0,0.0,1.0
5.0,11.0,2023.0,7.0,12.0,0.0,15.0,68.0,59.0,0.0,2.0,0.0
2.0,10.0,2021.0,6.0,14.0,0.0,11.0,1044.0,356.0,0.0,0.0,1.0
10.0,2.0,2022.0,4.0,19.0,45.0,24.0,76.0,57.0,0.0,1.0,0.0
5.0,12.0,2021.0,7.0,14.0,0.0,15.0,73.0,68.0,1.0,0.0,1.0
3.0,12.0,2023.0,7.0,14.0,0.0,14.0,64.0,63.0,2.0,2.0,1.0
5.0,3.0,2022.0,6.0,17.0,30.0,28.0,64.0,563.0,1.0,0.0,1.0
30.0,12.0,2023.0,6.0,15.0,0.0,20.0,354.0,402.0,2.0,1.0,1.0
13.0,1.0,2024.0,6.0,15.0,0.0,27.0,715.0,341.0,0.0,2.0,0.0
16.0,4.0,2023.0,7.0,15.0,30.0,31.0,351.0,66.0,0.0,1.0,0.0
5.0,11.0,2022.0,6.0,15.0,0.0,20.0,71.0,715.0,0.0,0.0,0.0
12.0,3.0,2024.0,2.0,19.0,45.0,29.0,332.0,343.0,0.0,1.0,0.0
30.0,12.0,2021.0,4.0,19.0,45.0,25.0,387.0,69.0,1.0,1.0,0.0
19.0,9.0,2021.0,7.0,13.0,0.0,5.0,563.0,66.0,1.0,1.0,0.0
30.0,4.0,2022.0,6.0,14.0,0.0,35.0,340.0,354.0,1.0,0.0,0.0
21.0,10.0,2023.0,6.0,11.0,30.0,9.0,64.0,62.0,0.0,0.0,1.0
19.0,2.0,2022.0,6.0,15.0,0.0,26.0,340.0,62.0,0.0,0.0,1.0
21.0,10.0,2023.0,6.0,14.0,0.0,12.0,59.0,715.0,0.0,0.0,1.0
8.0,10.0,2022.0,6.0,16.0,30.0,10.0,397.0,73.0,0.0,1.0,0.0
20.0,1.0,2024.0,6.0,12.0,30.0,28.0,72.0,340.0,1.0,3.0,0.0
12.0,3.0,2022.0,6.0,15.0,0.0,37.0,351.0,355.0,1.0,0.0,1.0
23.0,12.0,2023.0,6.0,15.0,0.0,23.0,343.0,74.0,1.0,0.0,1.0
27.0,8.0,2022.0,6.0,14.0,0.0,6.0,346.0,69.0,1.0,2.0,0.0
16.0,12.0,2023.0,6.0,15.0,0.0,17.0,67.0,63.0,0.0,0.0,1.0
3.0,10.0,2022.0,1.0,19.0,0.0,9.0,338.0,351.0,3.0,0.0,1.0
21.0,8.0,2021.0,6.0,14.0,0.0,4.0,70.0,351.0,0.0,0.0,1.0
3.0,9.0,2023.0,7.0,13.0,0.0,4.0,64.0,58.0,2.0,0.0,1.0
4.0,10.0,2023.0,3.0,18.0,45.0,10.0,341.0,69.0,1.0,0.0,1.0
19.0,2.0,2022.0,6.0,15.0,0.0,33.0,342.0,1077.0,0.0,0.0,1.0
22.0,5.0,2022.0,7.0,15.0,0.0,38.0,397.0,563.0,0.0,1.0,1.0
22.0,4.0,2024.0,1.0,19.0,0.0,44.0,343.0,341.0,2.0,3.0,0.0
28.0,4.0,2023.0,5.0,19.0,0.0,45.0,336.0,384.0,1.0,1.0,0.0
14.0,8.0,2021.0,6.0,14.0,0.0,1.0,338.0,76.0,1.0,0.0,1.0
31.0,12.0,2023.0,7.0,14.0,0.0,20.0,73.0,1044.0,1.0,0.0,1.0
28.0,11.0,2023.0,2.0,19.0,45.0,18.0,69.0,70.0,1.0,1.0,1.0
1.0,12.0,2021.0,3.0,20.0,15.0,14.0,58.0,65.0,0.0,2.0,0.0
26.0,11.0,2023.0,7.0,14.0,0.0,13.0,73.0,58.0,1.0,1.0,0.0
4.0,5.0,2024.0,6.0,11.0,30.0,46.0,71.0,345.0,0.0,2.0,0.0
19.0,9.0,2023.0,2.0,18.0,45.0,7.0,340.0,349.0,0.0,1.0,0.0
6.0,8.0,2022.0,6.0,14.0,0.0,1.0,341.0,76.0,1.0,1.0,1.0
15.0,12.0,2023.0,5.0,20.0,0.0,17.0,351.0,73.0,0.0,1.0,0.0
2.0,11.0,2022.0,3.0,19.0,45.0,19.0,75.0,70.0,0.0,0.0,0.0
10.0,12.0,2022.0,6.0,12.0,30.0,22.0,385.0,387.0,1.0,2.0,0.0
21.0,8.0,2021.0,6.0,14.0,0.0,2.0,58.0,67.0,1.0,0.0,1.0
8.0,2.0,2022.0,2.0,19.0,45.0,31.0,389.0,357.0,1.0,1.0,1.0
30.0,9.0,2023.0,6.0,14.0,0.0,7.0,67.0,328.0,1.0,0.0,1.0
9.0,3.0,2024.0,6.0,15.0,0.0,37.0,1081.0,70.0,0.0,0.0,0.0
21.0,4.0,2024.0,7.0,11.0,30.0,44.0,59.0,345.0,1.0,1.0,0.0
26.0,4.0,2022.0,2.0,18.0,45.0,27.0,357.0,336.0,0.0,1.0,0.0
18.0,4.0,2022.0,1.0,11.0,30.0,43.0,343.0,394.0,0.0,1.0,0.0
11.0,11.0,2023.0,6.0,15.0,0.0,16.0,341.0,1138.0,2.0,0.0,1.0
20.0,8.0,2022.0,6.0,14.0,0.0,5.0,72.0,389.0,0.0,1.0,0.0
8.0,3.0,2024.0,5.0,20.0,0.0,37.0,345.0,341.0,0.0,1.0,0.0
12.0,9.0,2021.0,7.0,15.0,30.0,4.0,341.0,64.0,0.0,1.0,0.0
4.0,5.0,2024.0,6.0,11.0,30.0,46.0,349.0,394.0,1.0,0.0,1.0
19.0,10.0,2021.0,2.0,18.0,45.0,13.0,356.0,384.0,1.0,1.0,0.0
12.0,2.0,2022.0,6.0,15.0,0.0,25.0,62.0,341.0,2.0,0.0,1.0
23.0,1.0,2022.0,7.0,16.0,30.0,23.0,61.0,73.0,0.0,0.0,1.0
29.0,10.0,2022.0,6.0,14.0,0.0,18.0,1081.0,343.0,1.0,1.0,1.0
14.0,9.0,2022.0,3.0,18.0,45.0,10.0,68.0,387.0,2.0,1.0,1.0
2.0,9.0,2023.0,6.0,14.0,0.0,5.0,385.0,68.0,2.0,0.0,1.0
14.0,1.0,2023.0,6.0,15.0,0.0,27.0,328.0,1076.0,0.0,0.0,1.0
8.0,11.0,2022.0,2.0,19.0,45.0,9.0,70.0,389.0,2.0,0.0,1.0
11.0,9.0,2021.0,6.0,11.0,30.0,4.0,354.0,73.0,0.0,0.0,1.0
11.0,2.0,2023.0,6.0,15.0,0.0,23.0,63.0,351.0,1.0,0.0,1.0
10.0,4.0,2022.0,7.0,13.0,0.0,32.0,68.0,328.0,1.0,0.0,1.0
25.0,1.0,2022.0,2.0,19.0,45.0,24.0,389.0,387.0,1.0,0.0,1.0
25.0,2.0,2023.0,6.0,15.0,0.0,34.0,68.0,715.0,2.0,0.0,1.0
6.0,8.0,2022.0,6.0,16.0,30.0,1.0,62.0,61.0,0.0,1.0,0.0
29.0,4.0,2022.0,5.0,18.0,45.0,45.0,69.0,356.0,1.0,0.0,0.0
21.0,1.0,2023.0,6.0,15.0,0.0,28.0,332.0,1081.0,0.0,2.0,0.0
18.0,4.0,2022.0,1.0,14.0,0.0,43.0,69.0,342.0,0.0,0.0,1.0
5.0,3.0,2022.0,6.0,15.0,0.0,28.0,328.0,61.0,0.0,0.0,0.0
16.0,9.0,2022.0,5.0,19.0,0.0,8.0,351.0,63.0,1.0,0.0,0.0
8.0,8.0,2021.0,7.0,15.0,30.0,1.0,1076.0,351.0,0.0,1.0,1.0
16.0,9.0,2023.0,6.0,14.0,0.0,5.0,73.0,356.0,0.0,0.0,1.0
30.0,3.0,2024.0,6.0,17.0,30.0,30.0,58.0,76.0,1.0,0.0,1.0
26.0,12.0,2022.0,1.0,15.0,0.0,24.0,356.0,1076.0,1.0,0.0,1.0
23.0,10.0,2021.0,6.0,14.0,0.0,14.0,74.0,387.0,2.0,0.0,1.0
24.0,2.0,2024.0,6.0,15.0,0.0,34.0,349.0,332.0,1.0,1.0,1.0
9.0,12.0,2023.0,6.0,15.0,0.0,20.0,69.0,322.0,1.0,0.0,1.0
5.0,10.0,2022.0,3.0,18.0,45.0,13.0,322.0,75.0,1.0,1.0,1.0
18.0,4.0,2023.0,2.0,18.0,45.0,43.0,356.0,387.0,0.0,0.0,1.0
15.0,4.0,2023.0,6.0,14.0,0.0,31.0,340.0,354.0,0.0,0.0,0.0
11.0,5.0,2024.0,6.0,14.0,0.0,37.0,62.0,356.0,1.0,0.0,1.0
23.0,10.0,2022.0,7.0,13.0,0.0,13.0,58.0,402.0,3.0,0.0,1.0
19.0,8.0,2023.0,6.0,14.0,0.0,2.0,64.0,1044.0,2.0,1.0,1.0
23.0,4.0,2022.0,6.0,14.0,0.0,44.0,70.0,69.0,1.0,0.0,1.0
1.0,10.0,2022.0,6.0,14.0,0.0,12.0,355.0,394.0,2.0,0.0,1.0
9.0,10.0,2022.0,7.0,18.0,0.0,10.0,62.0,66.0,1.0,2.0,0.0
4.0,2.0,2023.0,6.0,15.0,0.0,22.0,76.0,64.0,2.0,0.0,1.0
21.0,10.0,2023.0,6.0,14.0,0.0,12.0,70.0,71.0,1.0,1.0,1.0
12.0,8.0,2023.0,6.0,14.0,0.0,2.0,384.0,387.0,0.0,0.0,0.0
13.0,3.0,2022.0,7.0,14.0,0.0,29.0,341.0,68.0,1.0,0.0,1.0
19.0,1.0,2022.0,3.0,19.0,45.0,24.0,322.0,59.0,1.0,0.0,1.0
29.0,10.0,2022.0,6.0,18.0,45.0,14.0,64.0,341.0,1.0,1.0,0.0
23.0,8.0,2021.0,1.0,19.0,0.0,2.0,563.0,338.0,1.0,0.0,1.0
10.0,4.0,2023.0,1.0,14.0,0.0,41.0,389.0,336.0,1.0,1.0,1.0
21.0,11.0,2021.0,7.0,12.0,0.0,18.0,342.0,1044.0,1.0,2.0,1.0
2.0,10.0,2021.0,6.0,14.0,0.0,11.0,357.0,384.0,0.0,0.0,0.0
8.0,4.0,2023.0,6.0,14.0,0.0,30.0,402.0,67.0,1.0,0.0,0.0
1.0,5.0,2022.0,7.0,13.0,0.0,35.0,73.0,338.0,1.0,0.0,1.0
18.0,3.0,2023.0,6.0,15.0,0.0,28.0,76.0,341.0,0.0,1.0,0.0
20.0,1.0,2023.0,5.0,20.0,0.0,28.0,328.0,74.0,0.0,1.0,1.0
28.0,8.0,2021.0,6.0,14.0,0.0,5.0,1081.0,72.0,2.0,1.0,1.0
1.0,1.0,2022.0,6.0,15.0,0.0,26.0,336.0,322.0,1.0,0.0,1.0
30.0,9.0,2023.0,6.0,14.0,0.0,9.0,384.0,72.0,0.0,1.0,0.0
9.0,3.0,2024.0,6.0,15.0,0.0,37.0,384.0,332.0,0.0,0.0,1.0
5.0,1.0,2023.0,4.0,20.0,0.0,19.0,61.0,65.0,0.0,0.0,0.0
29.0,10.0,2022.0,6.0,14.0,0.0,18.0,75.0,346.0,0.0,0.0,0.0
1.0,1.0,2024.0,1.0,15.0,0.0,26.0,72.0,74.0,0.0,0.0,1.0
3.0,2.0,2024.0,6.0,15.0,0.0,30.0,322.0,384.0,1.0,0.0,1.0
4.0,3.0,2023.0,6.0,15.0,0.0,35.0,71.0,70.0,0.0,1.0,0.0
12.0,3.0,2022.0,6.0,12.0,30.0,29.0,397.0,64.0,0.0,1.0,0.0
18.0,3.0,2022.0,5.0,20.0,0.0,30.0,76.0,341.0,2.0,0.0,0.0
8.0,5.0,2022.0,7.0,13.0,0.0,36.0,338.0,62.0,1.0,2.0,0.0
2.0,3.0,2024.0,6.0,15.0,0.0,27.0,62.0,563.0,0.0,0.0,0.0
15.0,2.0,2022.0,2.0,20.0,15.0,18.0,66.0,397.0,0.0,0.0,1.0
3.0,9.0,2022.0,6.0,14.0,0.0,8.0,59.0,387.0,0.0,1.0,0.0
23.0,4.0,2022.0,6.0,14.0,0.0,44.0,356.0,715.0,0.0,0.0,1.0
29.0,10.0,2022.0,6.0,14.0,0.0,14.0,1044.0,73.0,1.0,0.0,0.0
19.0,8.0,2022.0,5.0,19.0,0.0,5.0,68.0,384.0,0.0,0.0,1.0
9.0,4.0,2022.0,6.0,14.0,0.0,41.0,351.0,332.0,1.0,0.0,1.0
1.0,10.0,2022.0,6.0,14.0,0.0,9.0,354.0,61.0,1.0,1.0,0.0
9.0,2.0,2022.0,3.0,19.0,45.0,31.0,387.0,355.0,1.0,0.0,1.0
4.0,12.0,2021.0,6.0,17.0,30.0,15.0,346.0,65.0,0.0,2.0,0.0
5.0,12.0,2023.0,2.0,19.0,30.0,15.0,76.0,328.0,1.0,0.0,1.0
29.0,10.0,2022.0,6.0,11.0,30.0,14.0,338.0,65.0,0.0,0.0,0.0
18.0,5.0,2023.0,4.0,18.0,30.0,25.0,67.0,397.0,2.0,0.0,1.0
19.0,10.0,2022.0,3.0,19.0,0.0,16.0,384.0,346.0,3.0,0.0,1.0
13.0,5.0,2023.0,6.0,14.0,0.0,36.0,58.0,73.0,1.0,0.0,1.0
18.0,2.0,2023.0,6.0,17.0,30.0,24.0,67.0,64.0,0.0,2.0,0.0
24.0,9.0,2023.0,7.0,13.0,0.0,6.0,64.0,563.0,1.0,1.0,1.0
13.0,11.0,2022.0,7.0,14.0,0.0,16.0,397.0,58.0,1.0,1.0,0.0
8.0,10.0,2022.0,6.0,14.0,0.0,14.0,75.0,715.0,0.0,1.0,0.0
16.0,3.0,2024.0,6.0,15.0,0.0,38.0,332.0,346.0,0.0,1.0,0.0
24.0,10.0,2022.0,1.0,19.0,0.0,13.0,563.0,1044.0,1.0,0.0,1.0
25.0,2.0,2023.0,6.0,15.0,0.0,25.0,62.0,58.0,0.0,0.0,0.0
2.0,9.0,2023.0,6.0,14.0,0.0,4.0,65.0,63.0,2.0,1.0,1.0
13.0,8.0,2022.0,6.0,14.0,0.0,3.0,394.0,70.0,1.0,0.0,1.0
26.0,4.0,2022.0,2.0,18.0,45.0,39.0,63.0,351.0,0.0,1.0,0.0
9.0,4.0,2022.0,6.0,14.0,0.0,32.0,346.0,341.0,0.0,1.0,0.0
15.0,10.0,2022.0,6.0,14.0,0.0,15.0,355.0,74.0,0.0,1.0,0.0
18.0,8.0,2021.0,3.0,18.0,45.0,3.0,322.0,342.0,0.0,0.0,0.0
28.0,12.0,2023.0,4.0,20.0,15.0,19.0,57.0,563.0,0.0,1.0,0.0
8.0,10.0,2022.0,6.0,14.0,0.0,10.0,65.0,340.0,2.0,0.0,1.0
13.0,3.0,2022.0,7.0,12.0,0.0,37.0,389.0,69.0,1.0,0.0,0.0
25.0,2.0,2022.0,5.0,20.0,0.0,27.0,340.0,68.0,1.0,0.0,1.0
29.0,9.0,2021.0,3.0,18.0,45.0,10.0,389.0,1076.0,4.0,0.0,1.0
16.0,9.0,2023.0,6.0,14.0,0.0,5.0,563.0,65.0,1.0,0.0,0.0
22.0,1.0,2022.0,6.0,15.0,0.0,23.0,402.0,76.0,0.0,0.0,0.0
11.0,12.0,2022.0,7.0,13.0,0.0,22.0,69.0,328.0,0.0,2.0,0.0
11.0,11.0,2023.0,6.0,15.0,0.0,16.0,715.0,68.0,2.0,1.0,0.0
25.0,8.0,2023.0,5.0,19.0,0.0,3.0,61.0,389.0,1.0,0.0,1.0
26.0,2.0,2022.0,6.0,15.0,0.0,35.0,332.0,394.0,0.0,2.0,0.0
7.0,8.0,2021.0,6.0,19.0,0.0,1.0,356.0,332.0,0.0,1.0,0.0
9.0,3.0,2024.0,6.0,12.0,30.0,28.0,66.0,62.0,2.0,0.0,1.0
15.0,1.0,2022.0,6.0,15.0,0.0,27.0,63.0,387.0,5.0,2.0,1.0
24.0,9.0,2023.0,7.0,14.0,0.0,8.0,71.0,715.0,0.0,0.0,0.0
12.0,8.0,2023.0,6.0,14.0,0.0,2.0,74.0,72.0,1.0,0.0,1.0
31.0,8.0,2022.0,3.0,18.0,45.0,7.0,387.0,394.0,1.0,0.0,1.0
27.0,8.0,2022.0,6.0,11.0,30.0,6.0,71.0,68.0,0.0,0.0,0.0
17.0,2.0,2024.0,6.0,15.0,0.0,25.0,63.0,58.0,0.0,1.0,0.0
4.0,11.0,2022.0,5.0,20.0,0.0,20.0,355.0,1081.0,0.0,0.0,0.0
26.0,2.0,2024.0,1.0,20.0,0.0,26.0,563.0,402.0,2.0,1.0,1.0
5.0,3.0,2024.0,2.0,20.0,0.0,36.0,349.0,387.0,0.0,0.0,1.0
16.0,10.0,2021.0,6.0,14.0,0.0,8.0,65.0,328.0,1.0,0.0,1.0
3.0,10.0,2023.0,2.0,18.0,45.0,10.0,332.0,394.0,2.0,0.0,1.0
23.0,10.0,2023.0,1.0,19.0,0.0,9.0,73.0,63.0,1.0,0.0,1.0
11.0,5.0,2022.0,3.0,18.0,30.0,33.0,341.0,61.0,0.0,1.0,0.0
4.0,11.0,2023.0,6.0,12.0,30.0,11.0,63.0,66.0,0.0,0.0,0.0
9.0,4.0,2022.0,6.0,11.0,30.0,32.0,62.0,66.0,1.0,0.0,1.0
14.0,8.0,2022.0,7.0,14.0,0.0,3.0,59.0,74.0,1.0,0.0,1.0
20.0,2.0,2023.0,1.0,20.0,0.0,33.0,346.0,74.0,1.0,0.0,1.0
18.0,4.0,2022.0,1.0,14.0,0.0,43.0,336.0,332.0,3.0,0.0,1.0
7.0,5.0,2022.0,6.0,11.0,30.0,46.0,1081.0,343.0,2.0,0.0,1.0
24.0,4.0,2022.0,7.0,13.0,0.0,34.0,61.0,563.0,0.0,0.0,1.0
27.0,1.0,2024.0,6.0,15.0,0.0,29.0,71.0,70.0,1.0,0.0,1.0
25.0,9.0,2021.0,6.0,14.0,0.0,9.0,1044.0,389.0,2.0,0.0,1.0
11.0,3.0,2024.0,1.0,20.0,0.0,28.0,61.0,67.0,1.0,1.0,1.0
18.0,10.0,2022.0,2.0,18.0,45.0,16.0,394.0,1081.0,0.0,0.0,0.0
2.0,10.0,2021.0,6.0,14.0,0.0,11.0,69.0,1081.0,1.0,1.0,1.0
2.0,1.0,2023.0,1.0,17.0,30.0,19.0,402.0,64.0,2.0,0.0,1.0
22.0,1.0,2022.0,6.0,15.0,0.0,23.0,66.0,563.0,0.0,0.0,1.0
2.0,12.0,2023.0,6.0,15.0,0.0,14.0,402.0,389.0,0.0,0.0,1.0
27.0,12.0,2021.0,1.0,15.0,0.0,24.0,342.0,74.0,0.0,0.0,1.0
14.0,8.0,2021.0,6.0,14.0,0.0,2.0,336.0,715.0,0.0,0.0,0.0
19.0,1.0,2022.0,3.0,20.0,0.0,23.0,355.0,389.0,0.0,1.0,0.0
10.0,3.0,2022.0,4.0,19.0,30.0,30.0,68.0,61.0,0.0,2.0,0.0
24.0,11.0,2021.0,3.0,19.0,45.0,19.0,69.0,394.0,0.0,0.0,1.0
5.0,11.0,2023.0,7.0,14.0,0.0,11.0,351.0,58.0,1.0,0.0,1.0
30.0,10.0,2021.0,6.0,14.0,0.0,10.0,328.0,402.0,3.0,0.0,1.0
17.0,9.0,2022.0,6.0,14.0,0.0,11.0,389.0,59.0,0.0,0.0,1.0
15.0,4.0,2022.0,5.0,14.0,0.0,42.0,70.0,387.0,0.0,0.0,0.0
30.0,3.0,2024.0,6.0,15.0,0.0,30.0,73.0,389.0,0.0,1.0,1.0
6.0,11.0,2021.0,6.0,15.0,0.0,17.0,357.0,322.0,0.0,1.0,0.0
19.0,8.0,2023.0,6.0,14.0,0.0,2.0,76.0,397.0,0.0,1.0,0.0
3.0,9.0,2022.0,6.0,14.0,0.0,8.0,72.0,69.0,1.0,0.0,1.0
15.0,2.0,2023.0,3.0,19.0,30.0,12.0,57.0,65.0,1.0,1.0,0.0
5.0,8.0,2022.0,5.0,18.0,45.0,2.0,332.0,394.0,2.0,0.0,1.0
29.0,12.0,2022.0,4.0,20.0,15.0,25.0,336.0,356.0,0.0,1.0,0.0
4.0,5.0,2024.0,6.0,11.0,30.0,46.0,338.0,59.0,0.0,0.0,0.0
20.0,5.0,2023.0,6.0,16.0,30.0,37.0,351.0,57.0,1.0,0.0,1.0
18.0,8.0,2021.0,3.0,18.0,45.0,3.0,343.0,69.0,1.0,0.0,0.0
27.0,2.0,2022.0,7.0,14.0,0.0,27.0,563.0,76.0,0.0,0.0,1.0
31.0,1.0,2024.0,3.0,20.0,15.0,22.0,64.0,61.0,2.0,0.0,1.0
15.0,3.0,2023.0,3.0,19.0,45.0,37.0,389.0,387.0,1.0,0.0,1.0
6.0,11.0,2021.0,6.0,15.0,30.0,17.0,332.0,355.0,1.0,0.0,0.0
3.0,10.0,2021.0,7.0,13.0,0.0,7.0,563.0,402.0,0.0,1.0,0.0
17.0,2.0,2024.0,6.0,15.0,0.0,33.0,385.0,346.0,0.0,0.0,0.0
4.0,12.0,2021.0,6.0,15.0,0.0,21.0,715.0,356.0,1.0,0.0,0.0
13.0,2.0,2024.0,2.0,19.0,45.0,32.0,338.0,345.0,2.0,0.0,1.0
4.0,9.0,2022.0,7.0,13.0,0.0,6.0,397.0,338.0,2.0,2.0,1.0
30.0,12.0,2023.0,6.0,12.0,30.0,20.0,389.0,61.0,0.0,2.0,0.0
7.0,10.0,2023.0,6.0,14.0,0.0,11.0,338.0,70.0,1.0,0.0,1.0
14.0,4.0,2024.0,7.0,13.0,0.0,33.0,64.0,354.0,0.0,1.0,0.0
3.0,3.0,2024.0,7.0,15.0,30.0,27.0,65.0,66.0,0.0,1.0,1.0
1.0,10.0,2022.0,6.0,14.0,0.0,12.0,59.0,384.0,0.0,0.0,1.0
12.0,11.0,2023.0,7.0,14.0,0.0,12.0,64.0,402.0,1.0,0.0,1.0
4.0,5.0,2024.0,6.0,11.0,30.0,46.0,70.0,387.0,3.0,0.0,1.0
15.0,5.0,2023.0,1.0,19.0,0.0,36.0,338.0,64.0,0.0,2.0,0.0
1.0,4.0,2024.0,1.0,14.0,0.0,40.0,385.0,384.0,0.0,0.0,1.0
8.0,11.0,2022.0,2.0,20.0,0.0,9.0,346.0,355.0,1.0,0.0,1.0
2.0,3.0,2024.0,6.0,15.0,0.0,35.0,68.0,71.0,0.0,0.0,1.0
16.0,10.0,2022.0,7.0,15.0,30.0,11.0,64.0,65.0,0.0,0.0,1.0
12.0,12.0,2023.0,2.0,19.0,45.0,21.0,59.0,387.0,1.0,0.0,1.0
26.0,12.0,2021.0,7.0,15.0,0.0,19.0,65.0,338.0,4.0,0.0,1.0
19.0,12.0,2021.0,7.0,14.0,0.0,18.0,67.0,65.0,0.0,2.0,0.0
14.0,1.0,2023.0,6.0,15.0,0.0,27.0,387.0,332.0,2.0,1.0,1.0
20.0,1.0,2023.0,5.0,19.0,45.0,28.0,356.0,322.0,1.0,0.0,1.0
3.0,4.0,2024.0,3.0,19.0,15.0,31.0,65.0,58.0,2.0,1.0,1.0
26.0,2.0,2022.0,6.0,15.0,0.0,27.0,402.0,67.0,0.0,2.0,0.0
30.0,4.0,2022.0,6.0,14.0,0.0,45.0,387.0,322.0,3.0,0.0,1.0
1.0,4.0,2024.0,1.0,16.0,30.0,40.0,349.0,340.0,1.0,2.0,1.0
21.0,5.0,2023.0,7.0,15.0,0.0,37.0,65.0,61.0,1.0,0.0,1.0
17.0,2.0,2023.0,5.0,20.0,0.0,33.0,715.0,355.0,0.0,0.0,1.0
27.0,8.0,2023.0,7.0,13.0,0.0,3.0,328.0,58.0,0.0,2.0,0.0
9.0,2.0,2022.0,3.0,19.0,45.0,31.0,715.0,1077.0,2.0,0.0,1.0
13.0,12.0,2023.0,3.0,19.0,45.0,21.0,68.0,345.0,1.0,1.0,1.0
16.0,10.0,2021.0,6.0,11.0,30.0,8.0,346.0,64.0,0.0,2.0,0.0
23.0,2.0,2022.0,3.0,19.0,45.0,34.0,342.0,384.0,0.0,2.0,0.0
2.0,1.0,2023.0,1.0,15.0,0.0,26.0,332.0,343.0,0.0,0.0,0.0
7.0,5.0,2022.0,6.0,11.0,30.0,46.0,356.0,63.0,3.0,0.0,1.0
10.0,12.0,2022.0,6.0,15.0,0.0,22.0,356.0,394.0,1.0,0.0,1.0
2.0,9.0,2023.0,6.0,16.0,30.0,4.0,397.0,67.0,1.0,0.0,1.0
8.0,4.0,2023.0,6.0,14.0,0.0,30.0,58.0,351.0,0.0,0.0,1.0
5.0,10.0,2022.0,3.0,18.0,45.0,13.0,343.0,332.0,1.0,0.0,1.0
2.0,12.0,2023.0,6.0,17.0,30.0,14.0,351.0,62.0,0.0,0.0,0.0
1.0,1.0,2023.0,7.0,15.0,0.0,26.0,384.0,385.0,1.0,0.0,1.0
21.0,1.0,2023.0,6.0,15.0,0.0,28.0,715.0,384.0,0.0,1.0,0.0
14.0,1.0,2023.0,6.0,15.0,0.0,27.0,346.0,336.0,0.0,0.0,1.0
6.0,4.0,2024.0,6.0,14.0,0.0,41.0,69.0,345.0,0.0,0.0,0.0
29.0,10.0,2023.0,7.0,14.0,0.0,10.0,64.0,351.0,2.0,0.0,1.0
4.0,12.0,2021.0,6.0,15.0,0.0,15.0,67.0,328.0,1.0,0.0,1.0
19.0,4.0,2023.0,3.0,19.0,0.0,43.0,343.0,322.0,0.0,1.0,1.0
11.0,9.0,2021.0,6.0,14.0,0.0,6.0,1076.0,343.0,0.0,0.0,1.0
15.0,2.0,2023.0,3.0,20.0,0.0,32.0,356.0,343.0,1.0,1.0,0.0
16.0,9.0,2022.0,5.0,19.0,0.0,8.0,58.0,340.0,1.0,0.0,1.0
10.0,4.0,2023.0,1.0,14.0,0.0,41.0,1081.0,355.0,0.0,0.0,1.0
25.0,10.0,2023.0,3.0,18.0,45.0,13.0,1138.0,345.0,2.0,0.0,1.0
21.0,2.0,2023.0,2.0,19.0,45.0,29.0,68.0,332.0,2.0,0.0,1.0
24.0,10.0,2021.0,7.0,13.0,0.0,9.0,563.0,73.0,0.0,0.0,1.0
4.0,11.0,2023.0,6.0,15.0,0.0,11.0,402.0,563.0,1.0,2.0,1.0
29.0,3.0,2024.0,5.0,15.0,0.0,39.0,715.0,71.0,0.0,2.0,0.0
4.0,5.0,2023.0,4.0,19.0,0.0,28.0,397.0,66.0,0.0,0.0,1.0
2.0,9.0,2023.0,6.0,14.0,0.0,5.0,349.0,715.0,0.0,1.0,1.0
3.0,2.0,2024.0,6.0,15.0,0.0,23.0,397.0,354.0,3.0,0.0,1.0
23.0,4.0,2022.0,6.0,14.0,0.0,34.0,68.0,67.0,0.0,2.0,0.0
19.0,9.0,2021.0,7.0,15.0,30.0,5.0,73.0,61.0,0.0,0.0,0.0
4.0,3.0,2022.0,5.0,19.0,45.0,36.0,394.0,1077.0,2.0,0.0,1.0
14.0,10.0,2022.0,5.0,19.0,0.0,11.0,402.0,397.0,1.0,0.0,1.0
29.0,10.0,2022.0,6.0,14.0,0.0,18.0,715.0,385.0,0.0,0.0,1.0
29.0,12.0,2021.0,3.0,19.0,45.0,25.0,1076.0,384.0,0.0,0.0,0.0
2.0,11.0,2021.0,2.0,19.0,45.0,16.0,332.0,387.0,1.0,0.0,1.0
13.0,1.0,2024.0,6.0,15.0,0.0,27.0,1081.0,387.0,0.0,0.0,1.0
13.0,4.0,2024.0,6.0,11.0,30.0,33.0,67.0,73.0,2.0,0.0,1.0
27.0,12.0,2022.0,2.0,20.0,0.0,24.0,328.0,332.0,2.0,0.0,1.0
11.0,5.0,2022.0,3.0,18.0,45.0,21.0,338.0,68.0,0.0,0.0,1.0
24.0,2.0,2024.0,6.0,17.0,30.0,26.0,1044.0,65.0,0.0,1.0,0.0
28.0,12.0,2021.0,2.0,15.0,0.0,20.0,346.0,563.0,1.0,2.0,0.0
29.0,7.0,2022.0,5.0,19.0,0.0,1.0,394.0,328.0,0.0,1.0,0.0
22.0,1.0,2023.0,7.0,12.0,0.0,28.0,71.0,343.0,0.0,0.0,1.0
17.0,4.0,2022.0,7.0,13.0,15.0,33.0,67.0,338.0,1.0,1.0,1.0
7.0,10.0,2023.0,6.0,14.0,0.0,11.0,69.0,59.0,0.0,2.0,0.0
26.0,12.0,2023.0,2.0,13.0,0.0,24.0,384.0,69.0,1.0,0.0,1.0
4.0,3.0,2023.0,6.0,12.0,30.0,35.0,715.0,387.0,0.0,0.0,1.0
22.0,12.0,2023.0,5.0,19.0,45.0,23.0,387.0,322.0,1.0,2.0,1.0
24.0,12.0,2023.0,7.0,13.0,0.0,18.0,76.0,61.0,0.0,0.0,1.0
7.0,3.0,2023.0,2.0,20.0,0.0,29.0,74.0,75.0,1.0,0.0,1.0
4.0,5.0,2024.0,6.0,11.0,30.0,36.0,57.0,1044.0,1.0,0.0,1.0
5.0,11.0,2022.0,6.0,15.0,0.0,20.0,385.0,68.0,0.0,1.0,0.0
13.0,8.0,2022.0,6.0,14.0,0.0,2.0,57.0,338.0,2.0,0.0,1.0
25.0,10.0,2023.0,3.0,18.0,45.0,13.0,385.0,1076.0,0.0,0.0,1.0
5.0,2.0,2022.0,6.0,15.0,0.0,30.0,322.0,1081.0,0.0,0.0,0.0
30.0,9.0,2023.0,6.0,11.0,30.0,9.0,340.0,341.0,3.0,0.0,1.0
20.0,11.0,2021.0,6.0,12.0,30.0,12.0,338.0,61.0,0.0,2.0,0.0
29.0,3.0,2024.0,5.0,15.0,0.0,39.0,69.0,332.0,0.0,0.0,1.0
30.0,8.0,2022.0,2.0,19.0,0.0,7.0,346.0,343.0,1.0,1.0,1.0
2.0,9.0,2023.0,6.0,14.0,0.0,5.0,70.0,1081.0,0.0,0.0,0.0
13.0,3.0,2022.0,7.0,14.0,0.0,29.0,340.0,346.0,1.0,2.0,0.0
11.0,2.0,2023.0,6.0,15.0,0.0,31.0,356.0,72.0,2.0,0.0,1.0
19.0,10.0,2022.0,3.0,18.0,45.0,16.0,75.0,343.0,1.0,1.0,0.0
17.0,12.0,2022.0,6.0,15.0,0.0,23.0,394.0,346.0,0.0,0.0,0.0
10.0,12.0,2023.0,7.0,14.0,0.0,16.0,389.0,65.0,1.0,0.0,0.0
25.0,11.0,2023.0,6.0,15.0,0.0,17.0,384.0,1076.0,0.0,1.0,0.0
28.0,11.0,2023.0,2.0,19.0,45.0,18.0,715.0,74.0,0.0,0.0,0.0
8.0,10.0,2022.0,6.0,14.0,0.0,14.0,72.0,71.0,2.0,0.0,1.0
24.0,11.0,2021.0,3.0,19.0,45.0,19.0,715.0,322.0,0.0,1.0,0.0
24.0,10.0,2023.0,2.0,18.0,45.0,13.0,68.0,343.0,0.0,0.0,0.0
3.0,9.0,2022.0,6.0,14.0,0.0,6.0,76.0,340.0,1.0,0.0,1.0
25.0,2.0,2023.0,6.0,15.0,0.0,34.0,328.0,394.0,3.0,0.0,1.0
27.0,8.0,2022.0,6.0,14.0,0.0,4.0,65.0,354.0,0.0,2.0,1.0
30.0,7.0,2022.0,6.0,14.0,0.0,1.0,384.0,70.0,1.0,0.0,1.0
14.0,1.0,2023.0,6.0,15.0,0.0,27.0,356.0,70.0,2.0,1.0,1.0
24.0,9.0,2021.0,5.0,18.0,45.0,9.0,1076.0,1077.0,0.0,0.0,1.0
3.0,5.0,2023.0,3.0,19.0,0.0,28.0,65.0,563.0,0.0,0.0,1.0
29.0,12.0,2023.0,5.0,18.0,0.0,25.0,340.0,1138.0,0.0,0.0,1.0
9.0,12.0,2023.0,6.0,12.0,30.0,16.0,354.0,64.0,0.0,0.0,0.0
6.0,8.0,2022.0,6.0,14.0,0.0,1.0,73.0,340.0,2.0,1.0,1.0
13.0,4.0,2024.0,6.0,14.0,0.0,43.0,72.0,385.0,0.0,0.0,1.0
20.0,11.0,2021.0,6.0,15.0,0.0,12.0,346.0,66.0,2.0,0.0,1.0
7.0,10.0,2023.0,6.0,14.0,0.0,11.0,349.0,1081.0,3.0,1.0,1.0
2.0,12.0,2023.0,6.0,15.0,0.0,19.0,345.0,59.0,1.0,0.0,1.0
4.0,5.0,2024.0,6.0,11.0,30.0,46.0,1076.0,69.0,0.0,2.0,0.0
28.0,9.0,2021.0,2.0,18.0,45.0,10.0,343.0,356.0,2.0,0.0,1.0
6.0,4.0,2022.0,3.0,18.0,45.0,30.0,351.0,1076.0,1.0,0.0,1.0
23.0,12.0,2023.0,6.0,12.0,30.0,18.0,563.0,66.0,0.0,0.0,1.0
14.0,3.0,2023.0,2.0,19.0,45.0,37.0,385.0,1081.0,1.0,2.0,0.0
22.0,1.0,2022.0,6.0,15.0,0.0,28.0,1044.0,322.0,0.0,0.0,0.0
3.0,1.0,2023.0,2.0,20.0,0.0,19.0,66.0,1044.0,1.0,0.0,1.0
12.0,11.0,2022.0,6.0,15.0,0.0,21.0,1076.0,69.0,1.0,0.0,1.0
5.0,9.0,2022.0,1.0,19.0,0.0,8.0,343.0,71.0,1.0,0.0,1.0
21.0,10.0,2023.0,6.0,14.0,0.0,12.0,343.0,332.0,0.0,0.0,1.0
30.0,9.0,2022.0,5.0,19.0,0.0,12.0,322.0,389.0,0.0,2.0,0.0
23.0,9.0,2023.0,6.0,16.0,30.0,6.0,402.0,62.0,1.0,1.0,0.0
14.0,2.0,2023.0,2.0,20.0,0.0,32.0,355.0,385.0,0.0,1.0,1.0
1.0,4.0,2023.0,6.0,14.0,0.0,39.0,1076.0,70.0,0.0,2.0,0.0
24.0,2.0,2024.0,6.0,15.0,0.0,34.0,340.0,384.0,1.0,2.0,0.0
13.0,1.0,2024.0,6.0,17.0,30.0,21.0,67.0,65.0,2.0,1.0,0.0
15.0,4.0,2022.0,5.0,11.0,30.0,42.0,389.0,351.0,1.0,0.0,1.0
27.0,4.0,2024.0,6.0,14.0,0.0,45.0,346.0,71.0,0.0,0.0,1.0
26.0,2.0,2022.0,6.0,15.0,0.0,35.0,1077.0,322.0,0.0,1.0,0.0
30.0,9.0,2023.0,6.0,14.0,0.0,9.0,346.0,343.0,1.0,2.0,0.0
24.0,2.0,2024.0,6.0,15.0,0.0,34.0,346.0,394.0,0.0,0.0,0.0
6.0,11.0,2021.0,6.0,12.0,30.0,11.0,66.0,65.0,0.0,2.0,0.0
8.0,5.0,2022.0,7.0,13.0,0.0,36.0,68.0,563.0,0.0,3.0,0.0
14.0,8.0,2021.0,6.0,14.0,0.0,2.0,322.0,69.0,0.0,1.0,0.0
8.0,11.0,2022.0,2.0,19.0,45.0,9.0,356.0,385.0,0.0,1.0,0.0
5.0,12.0,2021.0,7.0,14.0,0.0,15.0,66.0,354.0,0.0,0.0,1.0
14.0,4.0,2024.0,7.0,13.0,0.0,33.0,563.0,63.0,0.0,1.0,0.0
11.0,9.0,2021.0,6.0,14.0,0.0,6.0,356.0,1077.0,1.0,1.0,1.0
26.0,9.0,2021.0,7.0,15.0,30.0,6.0,57.0,73.0,3.0,0.0,1.0
1.0,3.0,2023.0,3.0,19.0,45.0,7.0,57.0,62.0,2.0,0.0,1.0
20.0,8.0,2022.0,6.0,14.0,0.0,5.0,332.0,75.0,0.0,0.0,0.0
29.0,12.0,2021.0,3.0,20.0,15.0,20.0,402.0,65.0,0.0,1.0,0.0
4.0,3.0,2023.0,6.0,17.0,30.0,26.0,340.0,338.0,1.0,0.0,1.0
24.0,1.0,2022.0,1.0,19.0,45.0,28.0,59.0,343.0,0.0,0.0,1.0
6.0,4.0,2024.0,6.0,14.0,0.0,41.0,715.0,322.0,0.0,2.0,0.0
31.0,10.0,2021.0,7.0,14.0,0.0,10.0,68.0,341.0,0.0,0.0,0.0
5.0,11.0,2022.0,6.0,17.0,30.0,15.0,62.0,338.0,0.0,1.0,0.0
16.0,9.0,2023.0,6.0,14.0,0.0,5.0,58.0,354.0,0.0,0.0,1.0
1.0,1.0,2022.0,6.0,15.0,0.0,21.0,346.0,73.0,0.0,0.0,0.0
7.0,12.0,2023.0,4.0,20.0,15.0,15.0,73.0,563.0,1.0,0.0,0.0
16.0,12.0,2023.0,6.0,15.0,0.0,22.0,1138.0,385.0,1.0,1.0,1.0
19.0,9.0,2023.0,2.0,18.0,45.0,7.0,1081.0,332.0,0.0,0.0,1.0
30.0,4.0,2022.0,6.0,14.0,0.0,35.0,58.0,68.0,1.0,0.0,1.0
15.0,4.0,2022.0,5.0,19.0,0.0,42.0,342.0,63.0,0.0,1.0,1.0
28.0,10.0,2023.0,6.0,14.0,0.0,10.0,1044.0,328.0,1.0,1.0,1.0
3.0,2.0,2023.0,5.0,20.0,0.0,30.0,74.0,1076.0,1.0,0.0,1.0
11.0,12.0,2021.0,6.0,15.0,0.0,22.0,1044.0,59.0,0.0,1.0,0.0
29.0,10.0,2023.0,7.0,14.0,0.0,10.0,58.0,389.0,1.0,0.0,1.0
6.0,5.0,2023.0,6.0,14.0,0.0,35.0,73.0,354.0,1.0,0.0,1.0
24.0,2.0,2024.0,6.0,15.0,0.0,34.0,345.0,387.0,2.0,1.0,1.0
4.0,2.0,2024.0,7.0,16.0,30.0,23.0,57.0,64.0,1.0,1.0,1.0
15.0,1.0,2023.0,7.0,16.0,30.0,20.0,73.0,57.0,0.0,2.0,0.0
9.0,12.0,2023.0,6.0,15.0,0.0,16.0,66.0,1044.0,0.0,1.0,0.0
20.0,11.0,2021.0,6.0,17.0,30.0,12.0,64.0,57.0,1.0,0.0,1.0
30.0,10.0,2021.0,6.0,14.0,0.0,15.0,356.0,336.0,0.0,0.0,0.0
19.0,2.0,2022.0,6.0,15.0,0.0,26.0,397.0,328.0,0.0,2.0,0.0
1.0,9.0,2023.0,5.0,19.0,0.0,4.0,389.0,563.0,0.0,1.0,0.0
11.0,2.0,2023.0,6.0,15.0,0.0,31.0,69.0,384.0,0.0,1.0,0.0
8.0,10.0,2022.0,6.0,14.0,0.0,10.0,61.0,76.0,1.0,0.0,1.0
13.0,3.0,2022.0,7.0,14.0,0.0,29.0,61.0,67.0,0.0,0.0,1.0
14.0,5.0,2024.0,2.0,19.0,0.0,34.0,73.0,65.0,0.0,0.0,0.0
13.0,1.0,2024.0,6.0,12.0,30.0,27.0,1076.0,338.0,0.0,1.0,1.0
22.0,10.0,2022.0,6.0,14.0,0.0,17.0,384.0,74.0,1.0,1.0,1.0
22.0,2.0,2022.0,2.0,19.0,45.0,34.0,322.0,357.0,0.0,2.0,0.0
19.0,8.0,2023.0,6.0,14.0,0.0,3.0,345.0,1081.0,0.0,0.0,0.0
22.0,5.0,2022.0,7.0,15.0,0.0,38.0,328.0,67.0,0.0,1.0,0.0
23.0,12.0,2023.0,6.0,15.0,0.0,18.0,73.0,62.0,2.0,0.0,1.0
6.0,4.0,2022.0,3.0,19.0,0.0,30.0,74.0,1044.0,2.0,0.0,1.0
16.0,10.0,2021.0,6.0,11.0,30.0,12.0,63.0,69.0,1.0,0.0,1.0
30.0,4.0,2022.0,6.0,16.0,30.0,35.0,341.0,65.0,0.0,1.0,0.0
5.0,3.0,2022.0,6.0,12.0,30.0,36.0,63.0,59.0,2.0,0.0,1.0
22.0,10.0,2022.0,6.0,11.0,30.0,13.0,351.0,64.0,0.0,0.0,1.0
24.0,4.0,2024.0,3.0,19.0,0.0,29.0,66.0,356.0,1.0,1.0,1.0
6.0,8.0,2022.0,6.0,14.0,0.0,1.0,1044.0,58.0,1.0,0.0,1.0
23.0,10.0,2022.0,7.0,13.0,0.0,13.0,341.0,63.0,1.0,1.0,0.0
22.0,1.0,2022.0,6.0,12.0,30.0,28.0,351.0,342.0,0.0,0.0,1.0
18.0,2.0,2023.0,6.0,15.0,0.0,33.0,336.0,70.0,1.0,0.0,1.0
3.0,2.0,2024.0,6.0,15.0,0.0,30.0,68.0,1076.0,0.0,0.0,1.0
16.0,9.0,2023.0,6.0,14.0,0.0,6.0,346.0,332.0,0.0,0.0,1.0
14.0,9.0,2021.0,2.0,19.0,0.0,7.0,355.0,1077.0,0.0,0.0,1.0
2.0,3.0,2024.0,6.0,15.0,0.0,35.0,70.0,343.0,1.0,0.0,1.0
2.0,10.0,2023.0,1.0,19.0,0.0,7.0,63.0,61.0,0.0,2.0,0.0
19.0,10.0,2022.0,3.0,18.0,45.0,16.0,1076.0,356.0,0.0,0.0,1.0
27.0,4.0,2024.0,6.0,14.0,0.0,45.0,715.0,343.0,0.0,1.0,0.0
27.0,8.0,2022.0,6.0,14.0,0.0,6.0,75.0,328.0,1.0,2.0,0.0
26.0,12.0,2023.0,2.0,15.0,0.0,24.0,1076.0,345.0,1.0,0.0,1.0
18.0,9.0,2021.0,6.0,14.0,0.0,8.0,343.0,336.0,1.0,0.0,0.0
18.0,3.0,2023.0,6.0,15.0,0.0,38.0,336.0,1076.0,1.0,2.0,0.0
23.0,1.0,2022.0,7.0,14.0,0.0,23.0,354.0,64.0,0.0,2.0,0.0
11.0,3.0,2023.0,6.0,15.0,0.0,36.0,328.0,75.0,1.0,0.0,1.0
1.0,9.0,2022.0,4.0,19.0,0.0,5.0,338.0,66.0,0.0,1.0,0.0
2.0,5.0,2022.0,1.0,19.0,0.0,35.0,66.0,402.0,1.0,0.0,1.0
6.0,5.0,2023.0,6.0,14.0,0.0,35.0,76.0,58.0,1.0,0.0,1.0
7.0,8.0,2022.0,7.0,13.0,0.0,1.0,66.0,397.0,0.0,2.0,0.0
30.0,4.0,2023.0,7.0,15.0,30.0,34.0,64.0,73.0,3.0,1.0,1.0
2.0,1.0,2022.0,7.0,14.0,0.0,26.0,332.0,69.0,0.0,1.0,0.0
12.0,2.0,2022.0,6.0,15.0,0.0,32.0,357.0,69.0,0.0,0.0,1.0
15.0,10.0,2022.0,6.0,14.0,0.0,15.0,1081.0,70.0,0.0,0.0,0.0
26.0,12.0,2023.0,2.0,12.0,30.0,19.0,67.0,351.0,1.0,1.0,0.0
18.0,4.0,2022.0,1.0,14.0,0.0,43.0,715.0,389.0,0.0,0.0,0.0
5.0,2.0,2023.0,7.0,16.0,30.0,22.0,73.0,65.0,1.0,0.0,1.0
26.0,12.0,2021.0,7.0,15.0,0.0,19.0,73.0,354.0,2.0,0.0,1.0
13.0,4.0,2024.0,6.0,14.0,0.0,43.0,1081.0,68.0,0.0,0.0,0.0
22.0,2.0,2022.0,2.0,19.0,45.0,34.0,387.0,1076.0,0.0,1.0,0.0
19.0,10.0,2022.0,3.0,18.0,30.0,12.0,64.0,563.0,1.0,0.0,1.0
4.0,4.0,2024.0,4.0,19.0,15.0,31.0,61.0,66.0,2.0,2.0,1.0
6.0,4.0,2024.0,6.0,14.0,0.0,41.0,394.0,384.0,0.0,0.0,1.0
25.0,4.0,2024.0,4.0,19.0,0.0,29.0,397.0,65.0,0.0,3.0,0.0
18.0,10.0,2022.0,2.0,19.0,0.0,16.0,70.0,385.0,0.0,1.0,0.0
2.0,3.0,2024.0,6.0,15.0,0.0,35.0,72.0,59.0,2.0,0.0,1.0
6.0,11.0,2021.0,6.0,15.0,0.0,17.0,59.0,356.0,1.0,1.0,1.0
26.0,11.0,2023.0,7.0,16.0,30.0,13.0,62.0,66.0,0.0,1.0,0.0
7.0,5.0,2022.0,6.0,11.0,30.0,46.0,72.0,69.0,0.0,0.0,0.0
12.0,11.0,2022.0,6.0,15.0,0.0,16.0,73.0,341.0,1.0,2.0,1.0
24.0,2.0,2024.0,6.0,15.0,0.0,26.0,58.0,351.0,3.0,1.0,1.0
12.0,8.0,2023.0,6.0,14.0,0.0,2.0,715.0,69.0,0.0,1.0,0.0
3.0,1.0,2023.0,2.0,19.0,45.0,19.0,338.0,63.0,0.0,1.0,0.0
29.0,10.0,2022.0,6.0,14.0,0.0,14.0,397.0,61.0,3.0,0.0,1.0
6.0,4.0,2024.0,6.0,16.0,30.0,32.0,397.0,57.0,0.0,1.0,0.0
9.0,12.0,2023.0,6.0,15.0,0.0,20.0,70.0,345.0,0.0,0.0,0.0
23.0,10.0,2021.0,6.0,16.0,30.0,9.0,397.0,65.0,0.0,3.0,0.0
12.0,12.0,2021.0,7.0,16.0,30.0,16.0,354.0,62.0,1.0,0.0,1.0
10.0,2.0,2024.0,6.0,15.0,0.0,31.0,59.0,70.0,3.0,1.0,1.0
10.0,2.0,2024.0,6.0,15.0,0.0,24.0,63.0,1044.0,2.0,0.0,1.0
19.0,9.0,2021.0,7.0,13.0,0.0,5.0,397.0,338.0,1.0,0.0,1.0
20.0,1.0,2024.0,6.0,15.0,0.0,28.0,70.0,332.0,0.0,1.0,0.0
12.0,3.0,2022.0,6.0,15.0,0.0,37.0,1076.0,356.0,1.0,1.0,1.0
12.0,8.0,2023.0,6.0,11.0,30.0,2.0,1076.0,343.0,1.0,0.0,1.0
11.0,9.0,2021.0,6.0,14.0,0.0,6.0,336.0,63.0,0.0,0.0,1.0
6.0,11.0,2022.0,7.0,12.0,0.0,15.0,61.0,57.0,0.0,0.0,0.0
3.0,1.0,2022.0,1.0,17.0,30.0,21.0,66.0,76.0,0.0,0.0,0.0
24.0,9.0,2023.0,7.0,15.0,30.0,6.0,356.0,67.0,0.0,3.0,0.0
27.0,4.0,2023.0,4.0,18.0,45.0,33.0,62.0,67.0,0.0,1.0,0.0
23.0,12.0,2023.0,6.0,15.0,0.0,23.0,338.0,385.0,0.0,0.0,1.0
11.0,12.0,2021.0,6.0,15.0,0.0,22.0,1081.0,357.0,0.0,0.0,1.0
4.0,12.0,2021.0,6.0,15.0,0.0,21.0,343.0,72.0,1.0,0.0,1.0
4.0,3.0,2023.0,6.0,15.0,0.0,35.0,385.0,69.0,1.0,0.0,1.0
30.0,9.0,2023.0,6.0,14.0,0.0,7.0,62.0,389.0,1.0,2.0,0.0
10.0,3.0,2022.0,4.0,19.0,30.0,19.0,76.0,346.0,3.0,0.0,1.0
28.0,11.0,2023.0,2.0,19.0,45.0,18.0,1076.0,1138.0,0.0,0.0,1.0
11.0,8.0,2023.0,5.0,19.0,0.0,1.0,328.0,65.0,0.0,2.0,0.0
26.0,12.0,2022.0,1.0,20.0,0.0,17.0,57.0,563.0,0.0,1.0,1.0
25.0,9.0,2021.0,6.0,14.0,0.0,9.0,72.0,394.0,1.0,0.0,1.0
2.0,4.0,2024.0,2.0,18.0,45.0,31.0,1044.0,354.0,0.0,0.0,1.0
12.0,11.0,2022.0,6.0,12.0,30.0,16.0,65.0,402.0,1.0,1.0,0.0
1.0,10.0,2022.0,6.0,14.0,0.0,9.0,63.0,67.0,0.0,3.0,0.0
12.0,11.0,2022.0,6.0,15.0,0.0,16.0,1044.0,62.0,2.0,0.0,1.0
17.0,12.0,2023.0,7.0,14.0,0.0,17.0,57.0,397.0,0.0,0.0,1.0
24.0,11.0,2021.0,3.0,19.0,45.0,19.0,357.0,72.0,0.0,0.0,0.0
4.0,5.0,2024.0,6.0,11.0,30.0,46.0,332.0,68.0,0.0,0.0,1.0
22.0,4.0,2023.0,6.0,11.0,30.0,32.0,63.0,341.0,0.0,0.0,1.0
14.0,8.0,2021.0,6.0,14.0,0.0,2.0,394.0,63.0,1.0,3.0,0.0
15.0,3.0,2023.0,3.0,19.0,45.0,37.0,322.0,328.0,0.0,1.0,0.0
7.0,10.0,2023.0,6.0,14.0,0.0,8.0,328.0,61.0,1.0,1.0,0.0
17.0,12.0,2022.0,6.0,15.0,0.0,23.0,1081.0,69.0,0.0,0.0,0.0
12.0,1.0,2023.0,4.0,20.0,0.0,7.0,63.0,61.0,1.0,0.0,1.0
2.0,11.0,2022.0,3.0,19.0,45.0,19.0,328.0,385.0,1.0,1.0,1.0
12.0,1.0,2024.0,5.0,20.0,0.0,27.0,322.0,68.0,0.0,1.0,0.0
17.0,2.0,2024.0,6.0,15.0,0.0,33.0,68.0,715.0,2.0,1.0,1.0
3.0,11.0,2023.0,5.0,20.0,0.0,15.0,338.0,341.0,0.0,0.0,0.0
28.0,5.0,2023.0,7.0,15.0,30.0,38.0,62.0,1044.0,0.0,0.0,1.0
16.0,9.0,2023.0,6.0,14.0,0.0,6.0,345.0,349.0,0.0,1.0,0.0
4.0,11.0,2023.0,6.0,15.0,0.0,11.0,328.0,354.0,0.0,1.0,0.0
16.0,4.0,2022.0,6.0,14.0,0.0,33.0,346.0,402.0,0.0,1.0,0.0
3.0,9.0,2022.0,6.0,14.0,0.0,8.0,1081.0,332.0,0.0,1.0,0.0
20.0,9.0,2023.0,3.0,19.0,0.0,7.0,68.0,338.0,0.0,1.0,0.0
30.0,10.0,2023.0,1.0,20.0,0.0,14.0,1076.0,74.0,0.0,1.0,0.0
2.0,9.0,2023.0,6.0,14.0,0.0,5.0,1138.0,59.0,1.0,0.0,1.0
4.0,5.0,2024.0,6.0,14.0,0.0,36.0,356.0,351.0,1.0,1.0,0.0
5.0,8.0,2023.0,6.0,14.0,0.0,1.0,68.0,322.0,1.0,1.0,1.0
22.0,1.0,2022.0,6.0,15.0,0.0,28.0,336.0,384.0,0.0,0.0,1.0
10.0,4.0,2024.0,3.0,19.0,0.0,42.0,72.0,70.0,1.0,0.0,1.0
2.0,4.0,2022.0,6.0,14.0,0.0,31.0,61.0,402.0,0.0,0.0,0.0
11.0,2.0,2023.0,6.0,15.0,0.0,31.0,75.0,394.0,0.0,0.0,1.0
8.0,5.0,2022.0,7.0,13.0,0.0,36.0,57.0,341.0,2.0,0.0,1.0
14.0,2.0,2023.0,2.0,19.0,45.0,32.0,68.0,322.0,1.0,1.0,1.0
23.0,2.0,2024.0,5.0,19.0,45.0,34.0,1076.0,1081.0,0.0,3.0,0.0
26.0,12.0,2023.0,2.0,17.0,30.0,19.0,328.0,64.0,0.0,1.0,0.0
20.0,10.0,2021.0,3.0,18.0,45.0,13.0,63.0,715.0,0.0,0.0,1.0
15.0,4.0,2022.0,5.0,14.0,0.0,42.0,332.0,1076.0,2.0,2.0,0.0
8.0,4.0,2023.0,6.0,14.0,0.0,30.0,76.0,61.0,1.0,0.0,1.0
30.0,11.0,2021.0,2.0,20.0,15.0,14.0,341.0,354.0,0.0,0.0,1.0
20.0,2.0,2024.0,2.0,19.0,30.0,18.0,65.0,402.0,0.0,0.0,1.0
6.0,4.0,2024.0,6.0,14.0,0.0,32.0,62.0,328.0,1.0,0.0,1.0
22.0,1.0,2022.0,6.0,15.0,0.0,28.0,72.0,1081.0,0.0,0.0,1.0
13.0,2.0,2022.0,7.0,14.0,0.0,25.0,73.0,76.0,0.0,2.0,0.0
8.0,10.0,2022.0,6.0,14.0,0.0,14.0,336.0,346.0,1.0,1.0,1.0
25.0,9.0,2021.0,6.0,14.0,0.0,9.0,59.0,715.0,3.0,0.0,1.0
1.0,5.0,2023.0,1.0,12.0,0.0,45.0,385.0,343.0,0.0,0.0,1.0
13.0,3.0,2022.0,7.0,16.0,30.0,29.0,57.0,338.0,1.0,0.0,1.0
26.0,8.0,2023.0,6.0,14.0,0.0,4.0,1081.0,72.0,0.0,1.0,1.0
23.0,10.0,2021.0,6.0,14.0,0.0,14.0,389.0,322.0,1.0,0.0,1.0
23.0,4.0,2022.0,6.0,14.0,0.0,34.0,65.0,346.0,3.0,1.0,1.0
21.0,4.0,2024.0,7.0,14.0,0.0,34.0,58.0,1044.0,1.0,1.0,1.0
13.0,4.0,2024.0,6.0,14.0,0.0,43.0,340.0,346.0,2.0,1.0,1.0
17.0,12.0,2023.0,7.0,14.0,0.0,17.0,402.0,58.0,1.0,0.0,0.0
2.0,4.0,2022.0,6.0,14.0,0.0,31.0,328.0,65.0,0.0,2.0,0.0
22.0,1.0,2022.0,6.0,15.0,0.0,23.0,341.0,67.0,0.0,0.0,0.0
19.0,10.0,2022.0,3.0,18.0,45.0,16.0,69.0,715.0,2.0,0.0,1.0
14.0,9.0,2021.0,2.0,18.0,45.0,7.0,1044.0,69.0,2.0,0.0,1.0
1.0,1.0,2024.0,1.0,15.0,0.0,26.0,69.0,715.0,0.0,1.0,0.0
28.0,10.0,2023.0,6.0,11.0,30.0,14.0,340.0,332.0,2.0,0.0,1.0
13.0,12.0,2023.0,3.0,19.0,45.0,21.0,338.0,384.0,0.0,1.0,1.0
14.0,1.0,2023.0,6.0,15.0,0.0,20.0,62.0,340.0,1.0,0.0,0.0
3.0,2.0,2024.0,6.0,17.0,30.0,23.0,356.0,58.0,0.0,4.0,0.0
22.0,5.0,2022.0,7.0,15.0,0.0,38.0,354.0,66.0,1.0,0.0,1.0
14.0,1.0,2023.0,6.0,12.0,30.0,20.0,66.0,65.0,0.0,0.0,1.0
15.0,2.0,2022.0,2.0,19.0,45.0,24.0,715.0,1076.0,0.0,0.0,1.0
9.0,10.0,2022.0,7.0,15.0,30.0,10.0,57.0,64.0,2.0,1.0,1.0
3.0,2.0,2024.0,6.0,15.0,0.0,30.0,72.0,1138.0,0.0,1.0,0.0
13.0,12.0,2023.0,3.0,20.0,0.0,21.0,343.0,322.0,1.0,0.0,0.0
19.0,2.0,2022.0,6.0,12.0,30.0,33.0,63.0,394.0,0.0,2.0,0.0
8.0,2.0,2022.0,2.0,19.0,45.0,31.0,342.0,322.0,2.0,0.0,1.0
12.0,2.0,2022.0,6.0,15.0,0.0,32.0,322.0,63.0,0.0,0.0,0.0
7.0,5.0,2022.0,6.0,11.0,30.0,46.0,1044.0,384.0,0.0,0.0,1.0
18.0,2.0,2023.0,6.0,15.0,0.0,24.0,61.0,340.0,0.0,1.0,0.0
18.0,8.0,2021.0,3.0,19.0,0.0,3.0,74.0,356.0,1.0,0.0,1.0
19.0,1.0,2022.0,3.0,19.0,30.0,17.0,338.0,73.0,1.0,1.0,0.0
2.0,5.0,2024.0,4.0,18.0,30.0,26.0,61.0,73.0,1.0,0.0,1.0
25.0,11.0,2023.0,6.0,17.0,30.0,13.0,402.0,57.0,0.0,0.0,0.0
1.0,1.0,2022.0,6.0,17.0,30.0,21.0,354.0,563.0,0.0,3.0,0.0
23.0,10.0,2021.0,6.0,11.0,30.0,14.0,715.0,343.0,0.0,1.0,0.0
24.0,2.0,2022.0,4.0,19.0,45.0,20.0,57.0,76.0,0.0,1.0,1.0
4.0,10.0,2022.0,2.0,19.0,0.0,13.0,715.0,59.0,0.0,0.0,1.0
7.0,10.0,2023.0,6.0,11.0,30.0,8.0,389.0,73.0,0.0,0.0,0.0
17.0,9.0,2022.0,6.0,11.0,30.0,8.0,76.0,65.0,0.0,2.0,0.0
11.0,9.0,2021.0,6.0,14.0,0.0,4.0,338.0,65.0,0.0,0.0,0.0
6.0,5.0,2023.0,6.0,16.0,30.0,35.0,64.0,402.0,1.0,0.0,1.0
7.0,10.0,2022.0,5.0,19.0,0.0,14.0,69.0,355.0,1.0,1.0,1.0
4.0,3.0,2023.0,6.0,15.0,0.0,26.0,76.0,73.0,0.0,0.0,1.0
24.0,4.0,2024.0,3.0,18.0,45.0,38.0,1076.0,322.0,1.0,2.0,0.0
30.0,9.0,2023.0,6.0,14.0,0.0,9.0,69.0,1076.0,0.0,0.0,0.0
20.0,8.0,2022.0,6.0,14.0,0.0,5.0,70.0,71.0,0.0,1.0,0.0
23.0,12.0,2023.0,6.0,15.0,0.0,18.0,389.0,67.0,1.0,0.0,1.0
14.0,1.0,2023.0,6.0,15.0,0.0,20.0,76.0,563.0,0.0,0.0,1.0
4.0,3.0,2023.0,6.0,15.0,0.0,26.0,61.0,341.0,0.0,0.0,1.0
2.0,3.0,2024.0,6.0,15.0,0.0,27.0,73.0,354.0,0.0,0.0,1.0
29.0,11.0,2023.0,3.0,20.0,0.0,18.0,349.0,384.0,3.0,0.0,1.0
20.0,8.0,2023.0,7.0,15.0,30.0,2.0,563.0,61.0,1.0,1.0,1.0
30.0,7.0,2022.0,6.0,14.0,0.0,1.0,322.0,387.0,0.0,1.0,1.0
3.0,4.0,2022.0,7.0,14.0,0.0,40.0,332.0,74.0,0.0,0.0,1.0
11.0,11.0,2022.0,5.0,20.0,0.0,21.0,332.0,71.0,0.0,1.0,0.0
21.0,10.0,2023.0,6.0,14.0,0.0,12.0,72.0,338.0,1.0,1.0,0.0
20.0,4.0,2024.0,6.0,14.0,0.0,34.0,389.0,402.0,0.0,2.0,0.0
1.0,1.0,2024.0,1.0,12.0,30.0,26.0,71.0,1081.0,2.0,0.0,1.0
4.0,2.0,2023.0,6.0,15.0,0.0,30.0,1081.0,387.0,0.0,2.0,0.0
21.0,8.0,2023.0,1.0,19.0,0.0,2.0,354.0,57.0,0.0,0.0,0.0
15.0,10.0,2021.0,5.0,19.0,0.0,12.0,74.0,332.0,0.0,0.0,1.0
16.0,2.0,2024.0,5.0,20.0,0.0,33.0,74.0,340.0,0.0,1.0,0.0
25.0,2.0,2023.0,6.0,15.0,0.0,34.0,387.0,322.0,0.0,0.0,1.0
11.0,3.0,2023.0,6.0,15.0,0.0,27.0,62.0,402.0,1.0,0.0,1.0
3.0,9.0,2022.0,6.0,14.0,0.0,6.0,351.0,1044.0,2.0,0.0,0.0
17.0,8.0,2021.0,2.0,19.0,0.0,3.0,355.0,387.0,1.0,2.0,0.0
1.0,2.0,2022.0,2.0,19.0,45.0,25.0,72.0,389.0,0.0,0.0,0.0
16.0,9.0,2023.0,6.0,14.0,0.0,5.0,63.0,389.0,0.0,0.0,1.0
2.0,1.0,2022.0,7.0,14.0,0.0,21.0,62.0,397.0,0.0,2.0,0.0
7.0,8.0,2021.0,6.0,14.0,0.0,1.0,389.0,1077.0,1.0,0.0,1.0
21.0,2.0,2023.0,2.0,19.0,45.0,29.0,72.0,70.0,1.0,2.0,0.0
21.0,8.0,2021.0,6.0,14.0,0.0,2.0,65.0,68.0,2.0,0.0,1.0
7.0,5.0,2022.0,6.0,11.0,30.0,46.0,1077.0,336.0,1.0,0.0,1.0
1.0,1.0,2022.0,6.0,12.0,30.0,21.0,57.0,65.0,1.0,0.0,0.0
12.0,12.0,2021.0,7.0,14.0,0.0,16.0,338.0,67.0,1.0,0.0,1.0
1.0,4.0,2023.0,6.0,11.0,30.0,39.0,1081.0,336.0,2.0,0.0,1.0
27.0,8.0,2022.0,6.0,14.0,0.0,6.0,322.0,1076.0,2.0,1.0,1.0
16.0,10.0,2021.0,6.0,14.0,0.0,8.0,58.0,76.0,0.0,0.0,0.0
4.0,2.0,2023.0,6.0,15.0,0.0,30.0,389.0,70.0,1.0,0.0,1.0
13.0,1.0,2024.0,6.0,15.0,0.0,27.0,74.0,59.0,3.0,0.0,1.0
13.0,1.0,2023.0,5.0,20.0,0.0,20.0,58.0,341.0,1.0,0.0,1.0
7.0,10.0,2023.0,6.0,14.0,0.0,8.0,62.0,1044.0,2.0,0.0,1.0
27.0,8.0,2023.0,7.0,11.0,0.0,4.0,346.0,59.0,0.0,0.0,0.0
23.0,10.0,2021.0,6.0,14.0,0.0,14.0,384.0,70.0,0.0,1.0,1.0
22.0,8.0,2021.0,7.0,13.0,0.0,2.0,76.0,73.0,0.0,1.0,0.0
10.0,2.0,2024.0,6.0,17.0,30.0,24.0,351.0,67.0,2.0,2.0,0.0
1.0,3.0,2022.0,2.0,19.0,45.0,23.0,715.0,342.0,0.0,0.0,1.0
14.0,8.0,2021.0,6.0,14.0,0.0,2.0,357.0,1076.0,1.0,0.0,1.0
11.0,1.0,2022.0,2.0,20.0,0.0,25.0,355.0,63.0,0.0,2.0,0.0
9.0,4.0,2022.0,6.0,14.0,0.0,32.0,340.0,61.0,0.0,4.0,0.0
30.0,10.0,2021.0,6.0,14.0,0.0,15.0,394.0,384.0,0.0,0.0,1.0
2.0,9.0,2023.0,6.0,11.0,30.0,5.0,72.0,387.0,1.0,0.0,0.0
10.0,2.0,2024.0,6.0,15.0,0.0,31.0,71.0,1138.0,0.0,1.0,1.0
20.0,10.0,2021.0,3.0,19.0,0.0,13.0,355.0,336.0,2.0,0.0,0.0
23.0,10.0,2021.0,6.0,14.0,0.0,14.0,336.0,1081.0,1.0,0.0,1.0
19.0,10.0,2021.0,2.0,18.0,45.0,13.0,387.0,351.0,1.0,0.0,0.0
30.0,9.0,2023.0,6.0,14.0,0.0,9.0,1081.0,74.0,0.0,2.0,0.0
2.0,10.0,2022.0,7.0,11.0,0.0,12.0,70.0,346.0,0.0,1.0,0.0
27.0,8.0,2022.0,6.0,14.0,0.0,6.0,384.0,355.0,0.0,1.0,0.0
20.0,5.0,2023.0,6.0,14.0,0.0,37.0,1044.0,66.0,0.0,1.0,0.0
14.0,8.0,2022.0,7.0,13.0,0.0,2.0,351.0,563.0,1.0,0.0,1.0
13.0,5.0,2023.0,6.0,14.0,0.0,36.0,66.0,76.0,1.0,0.0,1.0
21.0,1.0,2023.0,6.0,15.0,0.0,28.0,75.0,389.0,0.0,1.0,0.0
20.0,4.0,2024.0,6.0,14.0,0.0,44.0,71.0,384.0,0.0,0.0,0.0
30.0,10.0,2021.0,6.0,14.0,0.0,15.0,1081.0,389.0,2.0,0.0,1.0
12.0,3.0,2022.0,6.0,15.0,0.0,37.0,59.0,387.0,0.0,0.0,0.0
10.0,12.0,2023.0,7.0,14.0,0.0,16.0,62.0,61.0,0.0,0.0,1.0
30.0,4.0,2022.0,6.0,14.0,0.0,45.0,355.0,74.0,0.0,0.0,0.0
26.0,12.0,2021.0,7.0,15.0,0.0,19.0,563.0,340.0,0.0,1.0,0.0
1.0,4.0,2023.0,6.0,14.0,0.0,29.0,1044.0,63.0,0.0,1.0,1.0
28.0,4.0,2024.0,7.0,13.0,0.0,35.0,1044.0,397.0,1.0,0.0,1.0
9.0,2.0,2022.0,3.0,19.0,45.0,31.0,356.0,74.0,1.0,0.0,1.0
4.0,10.0,2023.0,3.0,19.0,0.0,10.0,385.0,387.0,0.0,0.0,0.0
13.0,2.0,2023.0,1.0,20.0,0.0,23.0,64.0,62.0,1.0,0.0,1.0
14.0,12.0,2021.0,2.0,20.0,0.0,17.0,65.0,341.0,3.0,0.0,1.0
28.0,10.0,2023.0,6.0,11.0,30.0,10.0,61.0,402.0,0.0,0.0,0.0
15.0,8.0,2021.0,7.0,13.0,0.0,1.0,67.0,563.0,2.0,1.0,0.0
12.0,3.0,2022.0,6.0,17.0,30.0,29.0,66.0,73.0,2.0,1.0,1.0
15.0,4.0,2022.0,5.0,14.0,0.0,42.0,356.0,355.0,0.0,1.0,0.0
2.0,10.0,2021.0,6.0,14.0,0.0,7.0,76.0,67.0,1.0,1.0,1.0
22.0,1.0,2022.0,6.0,15.0,0.0,28.0,74.0,1077.0,0.0,0.0,1.0
24.0,11.0,2021.0,3.0,19.0,45.0,19.0,387.0,70.0,1.0,0.0,1.0
6.0,11.0,2021.0,6.0,15.0,0.0,11.0,354.0,76.0,0.0,0.0,1.0
5.0,12.0,2023.0,2.0,20.0,15.0,15.0,389.0,57.0,1.0,2.0,0.0
24.0,4.0,2022.0,7.0,15.0,30.0,34.0,64.0,62.0,0.0,0.0,1.0
5.0,11.0,2022.0,6.0,15.0,0.0,15.0,76.0,397.0,2.0,2.0,0.0
15.0,10.0,2022.0,6.0,16.0,30.0,11.0,73.0,62.0,0.0,0.0,1.0
16.0,9.0,2023.0,6.0,11.0,30.0,5.0,76.0,64.0,1.0,0.0,0.0
22.0,1.0,2023.0,7.0,14.0,0.0,21.0,65.0,76.0,1.0,0.0,1.0
20.0,8.0,2022.0,6.0,14.0,0.0,5.0,356.0,59.0,1.0,0.0,1.0
28.0,11.0,2021.0,7.0,14.0,0.0,13.0,338.0,346.0,3.0,1.0,1.0
18.0,12.0,2021.0,6.0,15.0,0.0,23.0,59.0,332.0,1.0,0.0,1.0
28.0,12.0,2021.0,2.0,15.0,0.0,20.0,354.0,68.0,3.0,0.0,1.0
8.0,4.0,2023.0,6.0,14.0,0.0,30.0,73.0,397.0,1.0,1.0,1.0
25.0,1.0,2022.0,2.0,19.0,45.0,23.0,1076.0,70.0,0.0,0.0,1.0
25.0,5.0,2023.0,4.0,19.0,0.0,32.0,66.0,61.0,2.0,0.0,1.0
20.0,2.0,2024.0,2.0,19.0,45.0,29.0,349.0,385.0,3.0,1.0,1.0
7.0,10.0,2023.0,6.0,14.0,0.0,8.0,66.0,402.0,0.0,1.0,1.0
1.0,3.0,2022.0,2.0,19.0,45.0,22.0,328.0,338.0,0.0,0.0,0.0
29.0,9.0,2021.0,3.0,18.0,45.0,10.0,384.0,387.0,0.0,0.0,1.0
6.0,4.0,2024.0,6.0,11.0,30.0,41.0,68.0,349.0,1.0,0.0,1.0
29.0,3.0,2024.0,5.0,15.0,0.0,39.0,1081.0,385.0,3.0,0.0,1.0
26.0,12.0,2022.0,1.0,12.0,0.0,24.0,346.0,384.0,0.0,1.0,0.0
2.0,3.0,2024.0,6.0,15.0,0.0,35.0,332.0,340.0,2.0,1.0,0.0
11.0,5.0,2024.0,6.0,14.0,0.0,37.0,73.0,328.0,1.0,1.0,1.0
18.0,9.0,2021.0,6.0,14.0,0.0,8.0,1077.0,332.0,2.0,0.0,1.0
4.0,9.0,2022.0,7.0,11.0,0.0,8.0,355.0,70.0,1.0,1.0,1.0
23.0,11.0,2021.0,2.0,19.0,45.0,19.0,343.0,1081.0,1.0,0.0,0.0
2.0,10.0,2021.0,6.0,14.0,0.0,11.0,715.0,355.0,0.0,1.0,0.0
25.0,11.0,2023.0,6.0,17.0,30.0,17.0,74.0,349.0,1.0,0.0,1.0
2.0,9.0,2023.0,6.0,14.0,0.0,4.0,328.0,73.0,1.0,2.0,0.0
11.0,12.0,2021.0,6.0,15.0,0.0,22.0,72.0,351.0,0.0,0.0,0.0
26.0,4.0,2023.0,3.0,18.0,45.0,33.0,563.0,64.0,1.0,1.0,0.0
1.0,4.0,2024.0,1.0,19.0,0.0,40.0,341.0,322.0,1.0,1.0,1.0
22.0,10.0,2022.0,6.0,14.0,0.0,17.0,69.0,75.0,2.0,1.0,1.0
13.0,1.0,2024.0,6.0,15.0,0.0,27.0,384.0,343.0,1.0,1.0,0.0
10.0,4.0,2023.0,1.0,19.0,0.0,41.0,328.0,356.0,0.0,0.0,1.0
4.0,5.0,2024.0,6.0,11.0,30.0,46.0,72.0,384.0,0.0,0.0,0.0
29.0,11.0,2021.0,1.0,19.0,45.0,20.0,342.0,69.0,1.0,0.0,0.0
24.0,2.0,2024.0,6.0,15.0,0.0,34.0,343.0,1138.0,0.0,2.0,0.0
28.0,11.0,2023.0,2.0,20.0,0.0,18.0,346.0,68.0,2.0,2.0,1.0
3.0,11.0,2021.0,3.0,20.0,0.0,16.0,74.0,322.0,0.0,0.0,1.0
1.0,4.0,2023.0,6.0,14.0,0.0,39.0,75.0,69.0,1.0,0.0,1.0
7.0,10.0,2023.0,6.0,14.0,0.0,11.0,1138.0,72.0,1.0,0.0,0.0
25.0,2.0,2024.0,7.0,13.0,30.0,26.0,76.0,356.0,1.0,0.0,1.0
6.0,3.0,2022.0,7.0,16.0,30.0,28.0,65.0,66.0,2.0,1.0,1.0
11.0,9.0,2021.0,6.0,14.0,0.0,4.0,66.0,67.0,1.0,0.0,1.0
8.0,3.0,2022.0,2.0,19.0,45.0,26.0,72.0,63.0,0.0,0.0,0.0
11.0,3.0,2023.0,6.0,15.0,0.0,36.0,69.0,346.0,1.0,0.0,1.0
2.0,9.0,2023.0,6.0,14.0,0.0,5.0,74.0,394.0,0.0,1.0,0.0
9.0,4.0,2022.0,6.0,14.0,0.0,41.0,72.0,342.0,2.0,1.0,1.0
19.0,10.0,2021.0,2.0,18.0,45.0,13.0,70.0,1044.0,0.0,0.0,0.0
14.0,8.0,2021.0,6.0,14.0,0.0,2.0,74.0,389.0,2.0,0.0,1.0
14.0,8.0,2021.0,6.0,14.0,0.0,2.0,343.0,387.0,1.0,0.0,1.0
28.0,8.0,2021.0,6.0,14.0,0.0,5.0,384.0,336.0,0.0,0.0,1.0
2.0,12.0,2023.0,6.0,15.0,0.0,19.0,340.0,715.0,2.0,0.0,1.0
1.0,10.0,2023.0,7.0,11.0,0.0,9.0,59.0,338.0,1.0,2.0,0.0
13.0,8.0,2022.0,6.0,14.0,0.0,3.0,336.0,72.0,0.0,0.0,0.0
18.0,10.0,2022.0,2.0,19.0,0.0,16.0,74.0,387.0,0.0,2.0,0.0
2.0,3.0,2024.0,6.0,15.0,0.0,35.0,338.0,69.0,0.0,1.0,0.0
21.0,2.0,2023.0,2.0,19.0,45.0,29.0,59.0,336.0,1.0,0.0,1.0
12.0,2.0,2023.0,7.0,16.0,30.0,23.0,65.0,58.0,3.0,0.0,1.0
12.0,2.0,2022.0,6.0,15.0,0.0,32.0,332.0,389.0,1.0,0.0,1.0
30.0,4.0,2023.0,7.0,13.0,0.0,34.0,1044.0,341.0,2.0,1.0,1.0
31.0,1.0,2023.0,2.0,19.0,45.0,29.0,389.0,715.0,0.0,0.0,1.0
3.0,9.0,2022.0,6.0,14.0,0.0,6.0,73.0,63.0,1.0,0.0,1.0
13.0,9.0,2022.0,2.0,18.0,45.0,10.0,59.0,346.0,1.0,0.0,1.0
14.0,8.0,2021.0,6.0,14.0,0.0,1.0,346.0,58.0,2.0,0.0,1.0
28.0,9.0,2021.0,2.0,18.0,45.0,10.0,715.0,74.0,0.0,1.0,0.0
11.0,2.0,2024.0,7.0,14.0,0.0,24.0,563.0,57.0,0.0,4.0,0.0
4.0,2.0,2023.0,6.0,15.0,0.0,22.0,58.0,338.0,2.0,3.0,0.0
30.0,10.0,2021.0,6.0,19.0,0.0,15.0,355.0,1044.0,0.0,1.0,0.0
26.0,12.0,2023.0,2.0,17.0,15.0,24.0,332.0,70.0,0.0,2.0,0.0
24.0,2.0,2024.0,6.0,15.0,0.0,34.0,71.0,72.0,0.0,2.0,0.0
30.0,8.0,2022.0,2.0,18.0,45.0,7.0,356.0,355.0,1.0,0.0,1.0
5.0,12.0,2021.0,7.0,14.0,30.0,21.0,69.0,70.0,0.0,1.0,0.0
17.0,9.0,2022.0,6.0,14.0,0.0,11.0,1081.0,356.0,0.0,1.0,0.0
23.0,12.0,2023.0,6.0,15.0,0.0,18.0,63.0,328.0,0.0,0.0,0.0
17.0,12.0,2022.0,6.0,15.0,0.0,23.0,74.0,385.0,1.0,0.0,1.0
5.0,3.0,2022.0,6.0,15.0,0.0,28.0,58.0,340.0,2.0,0.0,1.0
11.0,5.0,2024.0,6.0,14.0,0.0,37.0,563.0,389.0,0.0,1.0,1.0
22.0,10.0,2023.0,7.0,15.0,30.0,9.0,58.0,563.0,1.0,0.0,1.0
6.0,11.0,2023.0,1.0,20.0,0.0,11.0,73.0,61.0,1.0,1.0,0.0
30.0,12.0,2023.0,6.0,15.0,0.0,20.0,58.0,328.0,2.0,1.0,1.0
4.0,9.0,2022.0,7.0,14.0,0.0,8.0,394.0,336.0,0.0,1.0,0.0
30.0,10.0,2021.0,6.0,14.0,0.0,15.0,72.0,1077.0,3.0,0.0,1.0
14.0,9.0,2022.0,3.0,18.0,45.0,10.0,385.0,336.0,1.0,0.0,1.0
1.0,4.0,2022.0,5.0,18.0,45.0,40.0,322.0,394.0,0.0,0.0,0.0
5.0,11.0,2022.0,6.0,15.0,0.0,20.0,346.0,1076.0,0.0,0.0,0.0
18.0,3.0,2023.0,6.0,15.0,0.0,38.0,384.0,394.0,0.0,0.0,0.0
30.0,1.0,2022.0,7.0,16.0,0.0,29.0,715.0,351.0,1.0,0.0,1.0
7.0,4.0,2023.0,5.0,12.0,0.0,40.0,385.0,74.0,1.0,1.0,1.0
25.0,2.0,2023.0,6.0,15.0,0.0,25.0,338.0,57.0,0.0,0.0,0.0
4.0,3.0,2023.0,6.0,12.0,30.0,26.0,65.0,67.0,1.0,0.0,1.0
21.0,1.0,2024.0,7.0,12.0,0.0,28.0,341.0,1081.0,1.0,1.0,1.0
14.0,3.0,2023.0,2.0,19.0,45.0,37.0,336.0,69.0,4.0,1.0,1.0
12.0,8.0,2023.0,6.0,14.0,0.0,2.0,394.0,338.0,0.0,0.0,0.0
17.0,12.0,2022.0,6.0,15.0,0.0,23.0,387.0,70.0,1.0,1.0,0.0
16.0,10.0,2021.0,6.0,14.0,0.0,12.0,387.0,1044.0,0.0,2.0,0.0
5.0,3.0,2022.0,6.0,15.0,0.0,36.0,72.0,1076.0,2.0,0.0,1.0
5.0,8.0,2023.0,6.0,14.0,0.0,1.0,1138.0,394.0,1.0,1.0,1.0
15.0,1.0,2022.0,6.0,15.0,0.0,22.0,76.0,340.0,1.0,0.0,1.0
4.0,11.0,2023.0,6.0,15.0,0.0,11.0,356.0,76.0,0.0,0.0,1.0
4.0,5.0,2024.0,6.0,11.0,30.0,46.0,1138.0,322.0,1.0,0.0,1.0
20.0,8.0,2022.0,6.0,14.0,0.0,3.0,354.0,58.0,1.0,1.0,1.0
2.0,12.0,2023.0,6.0,15.0,0.0,19.0,1138.0,70.0,1.0,1.0,1.0
26.0,2.0,2022.0,6.0,15.0,30.0,27.0,397.0,58.0,0.0,1.0,0.0
30.0,12.0,2022.0,5.0,20.0,0.0,18.0,64.0,338.0,2.0,1.0,1.0
20.0,4.0,2024.0,6.0,14.0,0.0,34.0,356.0,328.0,0.0,2.0,0.0
14.0,3.0,2023.0,2.0,19.0,45.0,37.0,346.0,332.0,2.0,0.0,1.0
3.0,1.0,2022.0,1.0,15.0,0.0,26.0,70.0,1081.0,0.0,0.0,0.0
15.0,4.0,2023.0,6.0,14.0,0.0,42.0,71.0,332.0,1.0,1.0,1.0
15.0,4.0,2023.0,6.0,11.0,30.0,42.0,356.0,715.0,1.0,1.0,1.0
4.0,1.0,2023.0,3.0,19.0,30.0,19.0,340.0,351.0,0.0,1.0,0.0
28.0,1.0,2023.0,6.0,15.0,0.0,5.0,1076.0,394.0,0.0,0.0,1.0
4.0,2.0,2023.0,6.0,15.0,0.0,30.0,343.0,336.0,1.0,0.0,1.0
26.0,8.0,2023.0,6.0,14.0,0.0,4.0,340.0,69.0,1.0,1.0,1.0
8.0,5.0,2023.0,1.0,19.0,0.0,35.0,351.0,340.0,3.0,1.0,1.0
4.0,5.0,2024.0,6.0,11.0,30.0,46.0,343.0,346.0,1.0,0.0,1.0
2.0,10.0,2021.0,6.0,14.0,0.0,11.0,322.0,343.0,0.0,0.0,1.0
11.0,11.0,2023.0,6.0,15.0,0.0,12.0,354.0,62.0,1.0,1.0,0.0
18.0,4.0,2022.0,1.0,19.0,0.0,43.0,351.0,74.0,3.0,0.0,1.0
2.0,1.0,2022.0,7.0,14.0,0.0,21.0,402.0,58.0,1.0,1.0,1.0
24.0,10.0,2021.0,7.0,15.0,30.0,9.0,66.0,64.0,0.0,4.0,0.0
9.0,12.0,2023.0,6.0,15.0,0.0,20.0,715.0,384.0,0.0,0.0,1.0
25.0,11.0,2023.0,6.0,15.0,0.0,17.0,68.0,69.0,1.0,0.0,1.0
1.0,4.0,2023.0,6.0,11.0,30.0,29.0,65.0,64.0,1.0,1.0,1.0
15.0,3.0,2022.0,2.0,19.0,45.0,38.0,332.0,343.0,0.0,1.0,0.0
22.0,2.0,2022.0,2.0,19.0,45.0,34.0,343.0,74.0,0.0,1.0,1.0
1.0,1.0,2024.0,1.0,15.0,0.0,26.0,387.0,384.0,0.0,0.0,0.0
19.0,8.0,2023.0,6.0,11.0,30.0,3.0,1138.0,340.0,0.0,0.0,0.0
12.0,3.0,2023.0,7.0,14.0,0.0,27.0,63.0,57.0,0.0,3.0,0.0
3.0,9.0,2023.0,7.0,15.0,30.0,4.0,57.0,66.0,1.0,1.0,1.0
15.0,2.0,2023.0,3.0,19.0,45.0,32.0,72.0,336.0,1.0,0.0,1.0
22.0,1.0,2022.0,6.0,15.0,0.0,28.0,355.0,394.0,3.0,3.0,0.0
12.0,11.0,2022.0,6.0,15.0,0.0,21.0,322.0,355.0,1.0,1.0,0.0
19.0,8.0,2023.0,6.0,14.0,0.0,3.0,387.0,332.0,0.0,1.0,0.0
30.0,1.0,2024.0,2.0,19.0,45.0,22.0,389.0,397.0,3.0,0.0,1.0
12.0,2.0,2022.0,6.0,15.0,0.0,32.0,355.0,1076.0,1.0,1.0,0.0
23.0,10.0,2022.0,7.0,11.0,0.0,17.0,72.0,715.0,1.0,0.0,1.0
22.0,10.0,2022.0,6.0,14.0,0.0,17.0,385.0,322.0,1.0,1.0,0.0
5.0,8.0,2023.0,6.0,14.0,0.0,1.0,59.0,74.0,2.0,0.0,1.0
8.0,4.0,2023.0,6.0,16.0,30.0,30.0,340.0,65.0,0.0,1.0,0.0
15.0,1.0,2022.0,6.0,15.0,0.0,27.0,343.0,355.0,0.0,0.0,1.0
23.0,2.0,2024.0,5.0,20.0,0.0,34.0,341.0,338.0,0.0,1.0,1.0
21.0,1.0,2024.0,7.0,16.0,30.0,21.0,1044.0,64.0,0.0,0.0,0.0
15.0,5.0,2022.0,7.0,11.0,0.0,37.0,73.0,328.0,1.0,0.0,1.0
5.0,11.0,2022.0,6.0,15.0,0.0,20.0,59.0,394.0,1.0,0.0,1.0
30.0,12.0,2021.0,4.0,20.0,15.0,20.0,66.0,328.0,3.0,1.0,1.0
29.0,10.0,2023.0,7.0,13.0,0.0,14.0,345.0,385.0,2.0,0.0,1.0
13.0,2.0,2024.0,2.0,19.0,45.0,32.0,72.0,341.0,0.0,3.0,0.0
4.0,2.0,2023.0,6.0,15.0,0.0,30.0,322.0,715.0,0.0,0.0,1.0
4.0,2.0,2024.0,7.0,14.0,0.0,23.0,61.0,76.0,1.0,2.0,0.0
12.0,2.0,2022.0,6.0,15.0,0.0,32.0,1077.0,1081.0,0.0,0.0,0.0
6.0,4.0,2024.0,6.0,14.0,0.0,32.0,63.0,67.0,0.0,0.0,0.0
15.0,12.0,2021.0,3.0,19.0,30.0,17.0,397.0,76.0,0.0,1.0,0.0
30.0,8.0,2022.0,2.0,18.0,45.0,7.0,328.0,384.0,0.0,0.0,1.0
18.0,2.0,2023.0,6.0,15.0,0.0,33.0,385.0,1076.0,0.0,0.0,0.0
2.0,9.0,2023.0,6.0,14.0,0.0,5.0,343.0,69.0,0.0,1.0,0.0
22.0,4.0,2022.0,5.0,18.0,45.0,44.0,394.0,357.0,2.0,0.0,1.0
19.0,4.0,2022.0,2.0,19.0,0.0,30.0,64.0,66.0,2.0,0.0,1.0
12.0,11.0,2022.0,6.0,15.0,0.0,21.0,715.0,356.0,0.0,0.0,0.0
18.0,12.0,2021.0,6.0,15.0,0.0,23.0,336.0,1077.0,1.0,1.0,1.0
6.0,3.0,2023.0,1.0,20.0,0.0,26.0,402.0,63.0,1.0,1.0,1.0
2.0,3.0,2024.0,6.0,12.0,30.0,35.0,387.0,715.0,0.0,0.0,0.0
4.0,4.0,2022.0,1.0,19.0,0.0,31.0,354.0,57.0,2.0,0.0,1.0
14.0,9.0,2021.0,2.0,18.0,45.0,7.0,59.0,322.0,0.0,0.0,1.0
9.0,12.0,2023.0,6.0,15.0,0.0,20.0,385.0,72.0,0.0,1.0,0.0
10.0,2.0,2024.0,6.0,15.0,0.0,31.0,715.0,1081.0,0.0,2.0,0.0
17.0,3.0,2022.0,4.0,19.0,45.0,20.0,62.0,67.0,0.0,0.0,1.0
30.0,10.0,2021.0,6.0,14.0,0.0,15.0,342.0,59.0,0.0,2.0,0.0
1.0,4.0,2024.0,1.0,14.0,0.0,40.0,332.0,1081.0,0.0,0.0,1.0
2.0,3.0,2024.0,6.0,15.0,0.0,27.0,67.0,76.0,2.0,0.0,1.0
20.0,2.0,2022.0,7.0,14.0,0.0,26.0,341.0,66.0,0.0,2.0,0.0
20.0,3.0,2022.0,7.0,14.0,0.0,30.0,338.0,402.0,2.0,0.0,1.0
8.0,5.0,2023.0,1.0,14.0,0.0,46.0,69.0,387.0,0.0,1.0,0.0
15.0,4.0,2023.0,6.0,14.0,0.0,31.0,61.0,397.0,1.0,1.0,0.0
18.0,2.0,2024.0,7.0,16.0,30.0,25.0,389.0,66.0,1.0,2.0,0.0
26.0,2.0,2022.0,6.0,12.0,30.0,35.0,59.0,69.0,0.0,0.0,1.0
12.0,12.0,2023.0,2.0,20.0,0.0,21.0,71.0,341.0,0.0,0.0,1.0
10.0,2.0,2024.0,6.0,15.0,0.0,31.0,340.0,394.0,0.0,2.0,1.0
18.0,9.0,2021.0,6.0,14.0,0.0,5.0,64.0,354.0,1.0,0.0,1.0
21.0,10.0,2023.0,6.0,14.0,0.0,12.0,68.0,341.0,2.0,0.0,0.0
9.0,12.0,2023.0,6.0,15.0,0.0,20.0,343.0,349.0,0.0,1.0,0.0
23.0,12.0,2023.0,6.0,15.0,0.0,18.0,351.0,1044.0,0.0,0.0,0.0
25.0,11.0,2023.0,6.0,15.0,0.0,13.0,389.0,354.0,0.0,0.0,1.0
4.0,5.0,2024.0,6.0,11.0,30.0,46.0,341.0,340.0,1.0,2.0,0.0
13.0,8.0,2022.0,6.0,14.0,0.0,3.0,389.0,1081.0,0.0,1.0,0.0
14.0,12.0,2021.0,2.0,19.0,45.0,17.0,68.0,58.0,0.0,1.0,0.0
19.0,2.0,2022.0,6.0,17.0,30.0,26.0,65.0,73.0,1.0,1.0,0.0
25.0,11.0,2023.0,6.0,15.0,0.0,17.0,1138.0,71.0,2.0,0.0,1.0
29.0,10.0,2022.0,6.0,14.0,0.0,14.0,67.0,58.0,1.0,0.0,1.0
1.0,1.0,2023.0,7.0,15.0,0.0,26.0,394.0,389.0,1.0,1.0,0.0
14.0,1.0,2023.0,6.0,12.0,30.0,27.0,385.0,59.0,1.0,0.0,1.0
16.0,3.0,2022.0,3.0,19.0,45.0,38.0,1077.0,72.0,0.0,1.0,0.0
5.0,3.0,2022.0,6.0,15.0,0.0,36.0,1081.0,1044.0,0.0,0.0,1.0
31.0,8.0,2022.0,3.0,18.0,45.0,7.0,1076.0,1081.0,0.0,0.0,0.0
15.0,3.0,2023.0,3.0,19.0,30.0,8.0,397.0,354.0,1.0,0.0,1.0
8.0,5.0,2023.0,1.0,14.0,0.0,35.0,63.0,338.0,3.0,0.0,1.0
11.0,4.0,2022.0,1.0,18.0,45.0,41.0,394.0,389.0,0.0,0.0,1.0
23.0,1.0,2023.0,1.0,20.0,15.0,21.0,63.0,73.0,0.0,1.0,0.0
22.0,4.0,2023.0,6.0,14.0,0.0,44.0,68.0,72.0,0.0,2.0,0.0
14.0,1.0,2023.0,6.0,15.0,0.0,20.0,397.0,64.0,0.0,0.0,1.0
1.0,4.0,2024.0,1.0,14.0,0.0,40.0,1076.0,715.0,1.0,1.0,0.0
7.0,10.0,2023.0,6.0,11.0,30.0,11.0,71.0,343.0,0.0,0.0,0.0
20.0,8.0,2023.0,7.0,11.0,0.0,3.0,68.0,384.0,1.0,0.0,1.0
7.0,5.0,2022.0,6.0,11.0,30.0,46.0,74.0,357.0,2.0,0.0,1.0
15.0,1.0,2022.0,6.0,15.0,0.0,22.0,68.0,62.0,2.0,0.0,1.0
2.0,11.0,2022.0,3.0,19.0,45.0,19.0,715.0,346.0,1.0,1.0,0.0
28.0,8.0,2022.0,7.0,13.0,0.0,4.0,58.0,563.0,0.0,0.0,0.0
6.0,10.0,2023.0,5.0,19.0,0.0,11.0,332.0,74.0,2.0,1.0,1.0
28.0,12.0,2023.0,4.0,19.0,30.0,19.0,397.0,73.0,2.0,0.0,1.0
3.0,9.0,2022.0,6.0,14.0,0.0,8.0,384.0,715.0,0.0,0.0,1.0
4.0,2.0,2022.0,5.0,19.0,45.0,30.0,332.0,356.0,0.0,0.0,0.0
15.0,1.0,2023.0,7.0,14.0,0.0,20.0,67.0,63.0,0.0,0.0,1.0
1.0,1.0,2024.0,1.0,15.0,0.0,26.0,338.0,394.0,1.0,0.0,1.0
31.0,12.0,2023.0,7.0,14.0,0.0,20.0,63.0,57.0,1.0,1.0,1.0
18.0,4.0,2023.0,2.0,18.0,45.0,43.0,336.0,74.0,0.0,1.0,0.0
4.0,11.0,2023.0,6.0,15.0,0.0,11.0,65.0,1044.0,3.0,0.0,1.0
18.0,12.0,2021.0,6.0,15.0,0.0,23.0,351.0,322.0,0.0,1.0,1.0
15.0,1.0,2022.0,6.0,12.0,30.0,27.0,389.0,1044.0,2.0,0.0,1.0
20.0,8.0,2022.0,6.0,14.0,0.0,5.0,355.0,343.0,1.0,0.0,1.0
5.0,4.0,2022.0,2.0,18.0,45.0,39.0,1081.0,336.0,1.0,0.0,1.0
25.0,11.0,2023.0,6.0,15.0,0.0,13.0,67.0,61.0,1.0,1.0,1.0
4.0,10.0,2023.0,3.0,18.0,45.0,10.0,72.0,68.0,1.0,1.0,1.0
7.0,4.0,2024.0,7.0,17.0,0.0,32.0,73.0,351.0,1.0,1.0,1.0
16.0,3.0,2022.0,3.0,19.0,45.0,38.0,1076.0,322.0,0.0,2.0,0.0
27.0,11.0,2021.0,6.0,15.0,0.0,20.0,322.0,384.0,1.0,1.0,1.0
25.0,2.0,2023.0,6.0,15.0,0.0,34.0,356.0,346.0,0.0,0.0,1.0
3.0,1.0,2023.0,2.0,19.0,45.0,19.0,62.0,397.0,0.0,1.0,0.0
26.0,12.0,2023.0,2.0,20.0,0.0,19.0,66.0,58.0,0.0,2.0,1.0
13.0,9.0,2022.0,2.0,18.0,45.0,10.0,322.0,70.0,0.0,2.0,0.0
17.0,5.0,2022.0,2.0,18.0,45.0,37.0,340.0,64.0,1.0,1.0,0.0
7.0,5.0,2022.0,6.0,11.0,30.0,46.0,394.0,387.0,2.0,0.0,1.0
2.0,9.0,2023.0,6.0,14.0,0.0,4.0,61.0,351.0,0.0,0.0,0.0
3.0,10.0,2023.0,2.0,18.0,30.0,2.0,389.0,328.0,0.0,1.0,0.0
15.0,10.0,2022.0,6.0,14.0,0.0,15.0,343.0,59.0,1.0,2.0,0.0
25.0,11.0,2023.0,6.0,15.0,0.0,17.0,70.0,59.0,0.0,1.0,0.0
1.0,11.0,2021.0,1.0,20.0,0.0,10.0,76.0,62.0,2.0,0.0,1.0
15.0,4.0,2023.0,6.0,14.0,0.0,42.0,72.0,394.0,0.0,0.0,1.0
19.0,8.0,2023.0,6.0,14.0,0.0,2.0,63.0,402.0,0.0,1.0,0.0
4.0,2.0,2023.0,6.0,15.0,0.0,30.0,72.0,332.0,2.0,1.0,0.0
21.0,10.0,2023.0,6.0,14.0,0.0,12.0,346.0,345.0,0.0,0.0,1.0
26.0,12.0,2022.0,1.0,15.0,0.0,17.0,354.0,63.0,0.0,1.0,0.0
3.0,12.0,2023.0,7.0,14.0,0.0,14.0,61.0,397.0,2.0,1.0,1.0
2.0,3.0,2024.0,6.0,17.0,30.0,27.0,389.0,58.0,0.0,2.0,0.0
9.0,4.0,2024.0,2.0,18.0,45.0,42.0,1081.0,394.0,0.0,1.0,1.0
8.0,5.0,2023.0,1.0,14.0,0.0,46.0,72.0,74.0,1.0,1.0,1.0
29.0,9.0,2023.0,5.0,19.0,0.0,9.0,345.0,71.0,0.0,3.0,0.0
30.0,10.0,2021.0,6.0,14.0,0.0,15.0,343.0,332.0,0.0,0.0,0.0
14.0,9.0,2021.0,2.0,18.0,45.0,7.0,336.0,394.0,0.0,0.0,0.0
12.0,8.0,2023.0,6.0,14.0,0.0,1.0,397.0,389.0,1.0,0.0,1.0
19.0,8.0,2023.0,6.0,14.0,0.0,3.0,338.0,715.0,1.0,1.0,1.0
21.0,8.0,2021.0,6.0,14.0,0.0,4.0,1076.0,355.0,0.0,1.0,1.0
4.0,11.0,2023.0,6.0,15.0,0.0,15.0,387.0,345.0,0.0,0.0,1.0
22.0,1.0,2022.0,6.0,12.0,30.0,23.0,62.0,58.0,0.0,1.0,0.0
24.0,10.0,2021.0,7.0,11.0,30.0,14.0,357.0,356.0,0.0,0.0,0.0
11.0,12.0,2021.0,6.0,12.0,30.0,16.0,65.0,76.0,0.0,0.0,1.0
30.0,9.0,2023.0,6.0,14.0,0.0,7.0,66.0,354.0,0.0,1.0,0.0
14.0,1.0,2024.0,7.0,12.0,0.0,27.0,69.0,346.0,0.0,0.0,0.0
26.0,12.0,2023.0,2.0,15.0,0.0,24.0,74.0,68.0,0.0,0.0,1.0
3.0,2.0,2024.0,6.0,15.0,0.0,30.0,385.0,340.0,0.0,2.0,0.0
17.0,9.0,2023.0,7.0,15.0,30.0,5.0,62.0,57.0,0.0,0.0,0.0
7.0,4.0,2023.0,5.0,14.0,0.0,40.0,356.0,75.0,1.0,0.0,1.0
1.0,10.0,2022.0,6.0,16.0,30.0,9.0,563.0,76.0,1.0,0.0,1.0
24.0,10.0,2021.0,7.0,13.0,0.0,9.0,402.0,338.0,0.0,1.0,0.0
16.0,1.0,2022.0,7.0,14.0,0.0,22.0,64.0,402.0,1.0,0.0,1.0
3.0,11.0,2021.0,3.0,19.0,45.0,16.0,715.0,69.0,0.0,1.0,0.0
20.0,2.0,2022.0,7.0,16.0,30.0,26.0,76.0,338.0,1.0,1.0,1.0
29.0,12.0,2023.0,5.0,20.0,15.0,25.0,74.0,341.0,1.0,0.0,1.0
16.0,12.0,2023.0,6.0,15.0,0.0,22.0,345.0,69.0,0.0,1.0,1.0
15.0,5.0,2024.0,3.0,18.0,45.0,34.0,397.0,61.0,0.0,1.0,0.0
15.0,4.0,2022.0,5.0,14.0,0.0,42.0,322.0,715.0,2.0,0.0,1.0
27.0,11.0,2023.0,1.0,20.0,0.0,13.0,63.0,76.0,1.0,1.0,1.0
14.0,2.0,2024.0,3.0,19.0,45.0,32.0,394.0,71.0,1.0,0.0,1.0
1.0,12.0,2021.0,3.0,20.0,15.0,14.0,62.0,64.0,1.0,2.0,0.0
16.0,10.0,2021.0,6.0,14.0,0.0,12.0,351.0,336.0,1.0,0.0,1.0
21.0,12.0,2022.0,3.0,19.0,45.0,9.0,1076.0,74.0,0.0,0.0,1.0
1.0,10.0,2022.0,6.0,14.0,0.0,12.0,336.0,68.0,0.0,1.0,0.0
28.0,8.0,2021.0,6.0,14.0,0.0,5.0,394.0,355.0,1.0,0.0,1.0
15.0,10.0,2022.0,6.0,14.0,0.0,15.0,328.0,72.0,3.0,0.0,1.0
31.0,8.0,2022.0,3.0,19.0,0.0,7.0,336.0,59.0,0.0,1.0,0.0
29.0,3.0,2024.0,5.0,15.0,0.0,39.0,322.0,70.0,0.0,0.0,0.0
16.0,3.0,2024.0,6.0,15.0,0.0,38.0,74.0,387.0,1.0,0.0,1.0
1.0,5.0,2022.0,7.0,15.0,30.0,35.0,563.0,57.0,1.0,1.0,0.0
11.0,5.0,2024.0,6.0,14.0,0.0,37.0,76.0,354.0,0.0,2.0,0.0
1.0,2.0,2024.0,4.0,20.0,15.0,22.0,76.0,66.0,0.0,2.0,0.0
8.0,5.0,2023.0,1.0,14.0,0.0,46.0,332.0,356.0,0.0,0.0,0.0
23.0,11.0,2021.0,2.0,20.0,0.0,19.0,355.0,356.0,0.0,0.0,0.0
14.0,5.0,2023.0,7.0,13.0,0.0,36.0,62.0,65.0,0.0,2.0,0.0
11.0,11.0,2023.0,6.0,15.0,0.0,16.0,346.0,385.0,2.0,0.0,1.0
31.0,10.0,2021.0,7.0,16.0,30.0,10.0,58.0,563.0,1.0,2.0,0.0
16.0,12.0,2023.0,6.0,15.0,0.0,22.0,322.0,715.0,1.0,0.0,1.0
21.0,4.0,2024.0,7.0,12.0,30.0,34.0,62.0,351.0,1.0,0.0,1.0
12.0,11.0,2022.0,6.0,15.0,0.0,21.0,68.0,343.0,1.0,0.0,0.0
18.0,8.0,2023.0,5.0,18.0,45.0,2.0,351.0,356.0,1.0,0.0,1.0
10.0,12.0,2023.0,7.0,16.0,30.0,16.0,73.0,67.0,2.0,0.0,1.0
5.0,3.0,2022.0,6.0,15.0,0.0,28.0,76.0,354.0,0.0,2.0,0.0
7.0,8.0,2021.0,6.0,14.0,0.0,1.0,1081.0,322.0,1.0,1.0,0.0
23.0,9.0,2023.0,6.0,14.0,0.0,8.0,341.0,346.0,0.0,0.0,1.0
29.0,10.0,2022.0,6.0,14.0,0.0,18.0,68.0,70.0,1.0,0.0,1.0
14.0,1.0,2023.0,6.0,15.0,0.0,27.0,1081.0,68.0,0.0,3.0,0.0
23.0,10.0,2021.0,6.0,14.0,0.0,14.0,332.0,72.0,0.0,0.0,1.0
13.0,11.0,2022.0,7.0,12.0,30.0,21.0,328.0,59.0,0.0,0.0,1.0
14.0,8.0,2021.0,6.0,14.0,0.0,1.0,328.0,397.0,1.0,0.0,0.0
30.0,1.0,2024.0,2.0,19.0,30.0,22.0,351.0,57.0,0.0,0.0,0.0
29.0,12.0,2023.0,5.0,19.0,45.0,25.0,384.0,68.0,1.0,0.0,1.0
2.0,3.0,2024.0,6.0,15.0,0.0,27.0,351.0,64.0,0.0,0.0,0.0
22.0,12.0,2023.0,5.0,19.0,45.0,23.0,72.0,1081.0,0.0,0.0,1.0
10.0,12.0,2022.0,6.0,14.0,0.0,22.0,355.0,1076.0,0.0,0.0,1.0
15.0,12.0,2021.0,3.0,20.0,0.0,17.0,57.0,563.0,0.0,0.0,1.0
10.0,11.0,2023.0,5.0,20.0,0.0,16.0,59.0,1081.0,0.0,1.0,0.0
30.0,8.0,2022.0,2.0,18.0,45.0,5.0,340.0,61.0,2.0,1.0,1.0
5.0,5.0,2024.0,7.0,13.0,0.0,36.0,61.0,563.0,3.0,0.0,1.0
29.0,4.0,2023.0,6.0,14.0,0.0,34.0,397.0,76.0,4.0,0.0,1.0
3.0,4.0,2024.0,3.0,18.0,30.0,31.0,57.0,389.0,2.0,0.0,1.0
22.0,1.0,2022.0,6.0,12.0,30.0,28.0,387.0,715.0,1.0,1.0,1.0
15.0,10.0,2022.0,6.0,14.0,0.0,15.0,71.0,75.0,0.0,1.0,1.0
16.0,10.0,2021.0,6.0,14.0,0.0,12.0,394.0,322.0,1.0,0.0,1.0
30.0,8.0,2022.0,2.0,18.0,45.0,7.0,332.0,68.0,0.0,0.0,0.0
30.0,9.0,2023.0,6.0,16.0,30.0,7.0,73.0,64.0,1.0,1.0,1.0
2.0,11.0,2021.0,2.0,19.0,45.0,16.0,384.0,355.0,0.0,0.0,1.0
7.0,5.0,2022.0,6.0,11.0,30.0,46.0,389.0,355.0,1.0,0.0,1.0
22.0,10.0,2022.0,6.0,14.0,0.0,17.0,59.0,332.0,2.0,0.0,1.0
26.0,2.0,2022.0,6.0,15.0,0.0,35.0,715.0,63.0,0.0,1.0,0.0
12.0,2.0,2022.0,6.0,17.0,30.0,25.0,68.0,65.0,0.0,1.0,0.0
16.0,4.0,2024.0,2.0,19.0,0.0,36.0,340.0,1081.0,3.0,0.0,1.0
26.0,12.0,2022.0,1.0,15.0,0.0,17.0,62.0,76.0,1.0,1.0,0.0
2.0,3.0,2024.0,6.0,15.0,0.0,35.0,1138.0,349.0,0.0,0.0,0.0
17.0,2.0,2024.0,6.0,15.0,0.0,33.0,338.0,343.0,0.0,2.0,0.0
3.0,9.0,2022.0,6.0,14.0,0.0,8.0,389.0,75.0,1.0,0.0,0.0
15.0,10.0,2022.0,6.0,14.0,0.0,11.0,76.0,351.0,0.0,0.0,1.0
1.0,10.0,2022.0,6.0,14.0,0.0,12.0,74.0,72.0,0.0,1.0,0.0
14.0,4.0,2023.0,5.0,19.0,0.0,42.0,343.0,68.0,4.0,1.0,1.0
17.0,10.0,2021.0,7.0,15.0,30.0,8.0,67.0,73.0,1.0,3.0,0.0
23.0,12.0,2023.0,6.0,15.0,0.0,23.0,345.0,715.0,1.0,0.0,0.0
22.0,4.0,2023.0,6.0,14.0,0.0,32.0,338.0,76.0,1.0,1.0,1.0
1.0,11.0,2022.0,2.0,19.0,45.0,19.0,322.0,343.0,0.0,1.0,0.0
29.0,9.0,2021.0,3.0,18.0,45.0,10.0,342.0,355.0,1.0,0.0,1.0
13.0,4.0,2024.0,6.0,14.0,0.0,33.0,402.0,356.0,0.0,0.0,1.0
12.0,11.0,2022.0,6.0,15.0,0.0,21.0,1081.0,384.0,2.0,2.0,0.0
28.0,5.0,2023.0,7.0,15.0,30.0,38.0,341.0,73.0,0.0,1.0,0.0
27.0,11.0,2021.0,6.0,15.0,0.0,20.0,389.0,715.0,0.0,1.0,0.0
6.0,3.0,2024.0,3.0,19.0,45.0,36.0,343.0,68.0,2.0,1.0,1.0
22.0,5.0,2022.0,7.0,15.0,0.0,38.0,61.0,346.0,1.0,0.0,1.0
2.0,1.0,2023.0,1.0,15.0,0.0,26.0,74.0,355.0,0.0,0.0,1.0
3.0,12.0,2022.0,6.0,12.0,30.0,9.0,71.0,384.0,0.0,0.0,1.0
23.0,4.0,2023.0,7.0,13.0,0.0,32.0,67.0,73.0,5.0,0.0,1.0
19.0,8.0,2023.0,6.0,14.0,0.0,3.0,69.0,349.0,0.0,0.0,0.0
5.0,2.0,2022.0,6.0,17.0,30.0,30.0,72.0,59.0,1.0,0.0,1.0
18.0,2.0,2023.0,6.0,15.0,0.0,24.0,76.0,1044.0,0.0,0.0,0.0
7.0,10.0,2023.0,6.0,14.0,0.0,8.0,63.0,356.0,0.0,0.0,1.0
7.0,5.0,2022.0,6.0,14.0,0.0,36.0,328.0,58.0,0.0,2.0,0.0
8.0,10.0,2022.0,6.0,14.0,0.0,10.0,67.0,402.0,2.0,0.0,1.0
30.0,12.0,2022.0,5.0,19.0,45.0,18.0,563.0,402.0,0.0,2.0,0.0
23.0,10.0,2022.0,7.0,11.0,0.0,17.0,346.0,389.0,2.0,0.0,1.0
29.0,10.0,2023.0,7.0,15.0,30.0,10.0,66.0,65.0,0.0,1.0,0.0
26.0,4.0,2023.0,3.0,19.0,0.0,38.0,356.0,74.0,0.0,0.0,1.0
9.0,2.0,2022.0,3.0,19.0,45.0,24.0,73.0,340.0,1.0,1.0,0.0
13.0,2.0,2024.0,2.0,20.0,0.0,32.0,387.0,340.0,0.0,0.0,1.0
11.0,2.0,2023.0,6.0,15.0,0.0,31.0,71.0,355.0,0.0,0.0,1.0
30.0,4.0,2023.0,7.0,13.0,0.0,34.0,66.0,58.0,1.0,0.0,1.0
3.0,12.0,2023.0,7.0,13.0,30.0,19.0,387.0,68.0,1.0,0.0,0.0
26.0,2.0,2022.0,6.0,15.0,0.0,35.0,357.0,343.0,2.0,0.0,1.0
23.0,9.0,2023.0,6.0,19.0,0.0,6.0,328.0,66.0,0.0,1.0,0.0
18.0,9.0,2021.0,6.0,14.0,0.0,8.0,342.0,70.0,2.0,0.0,1.0
26.0,12.0,2023.0,2.0,15.0,0.0,19.0,1044.0,63.0,1.0,0.0,1.0
27.0,12.0,2023.0,3.0,19.0,30.0,19.0,61.0,354.0,1.0,1.0,1.0
30.0,10.0,2021.0,6.0,16.0,30.0,10.0,73.0,66.0,0.0,1.0,0.0
6.0,11.0,2021.0,6.0,15.0,0.0,17.0,389.0,70.0,0.0,1.0,0.0
3.0,10.0,2023.0,2.0,19.0,0.0,10.0,74.0,345.0,1.0,0.0,1.0
21.0,4.0,2024.0,7.0,14.0,0.0,34.0,354.0,563.0,4.0,1.0,1.0
2.0,1.0,2023.0,1.0,15.0,0.0,26.0,68.0,346.0,0.0,0.0,0.0
20.0,9.0,2023.0,3.0,18.0,45.0,7.0,59.0,71.0,1.0,2.0,0.0
10.0,3.0,2024.0,7.0,13.0,0.0,28.0,58.0,73.0,0.0,0.0,0.0
5.0,11.0,2022.0,6.0,15.0,0.0,20.0,336.0,389.0,0.0,0.0,0.0
22.0,10.0,2022.0,6.0,14.0,0.0,17.0,71.0,328.0,2.0,0.0,0.0
28.0,5.0,2023.0,7.0,15.0,30.0,38.0,57.0,76.0,3.0,0.0,1.0
28.0,10.0,2023.0,6.0,14.0,0.0,10.0,57.0,356.0,1.0,0.0,1.0
13.0,4.0,2024.0,6.0,11.0,30.0,43.0,341.0,59.0,0.0,0.0,0.0
21.0,10.0,2023.0,6.0,14.0,0.0,9.0,65.0,397.0,2.0,0.0,1.0
5.0,11.0,2022.0,6.0,12.0,30.0,20.0,356.0,328.0,1.0,2.0,1.0
27.0,4.0,2023.0,4.0,18.0,45.0,33.0,340.0,1044.0,0.0,0.0,0.0
23.0,12.0,2023.0,6.0,15.0,0.0,23.0,71.0,1076.0,0.0,1.0,0.0
11.0,3.0,2023.0,6.0,15.0,0.0,36.0,1081.0,715.0,0.0,0.0,1.0
15.0,3.0,2023.0,3.0,19.0,30.0,7.0,340.0,402.0,0.0,1.0,0.0
19.0,10.0,2022.0,3.0,18.0,45.0,16.0,336.0,322.0,1.0,2.0,0.0
22.0,1.0,2022.0,6.0,15.0,0.0,28.0,356.0,389.0,0.0,0.0,1.0
17.0,3.0,2024.0,7.0,15.0,0.0,38.0,341.0,384.0,1.0,0.0,1.0
20.0,10.0,2022.0,4.0,18.0,30.0,12.0,63.0,58.0,1.0,0.0,1.0
8.0,5.0,2023.0,1.0,14.0,0.0,46.0,328.0,715.0,2.0,0.0,1.0
17.0,9.0,2023.0,7.0,11.0,0.0,6.0,384.0,341.0,0.0,1.0,0.0
30.0,8.0,2022.0,2.0,18.0,30.0,5.0,63.0,397.0,0.0,0.0,1.0
11.0,10.0,2022.0,2.0,18.0,45.0,9.0,75.0,59.0,0.0,0.0,1.0
11.0,3.0,2023.0,6.0,15.0,0.0,27.0,73.0,351.0,2.0,0.0,1.0
26.0,2.0,2022.0,6.0,15.0,0.0,35.0,1044.0,70.0,0.0,1.0,1.0
1.0,11.0,2022.0,2.0,20.0,0.0,19.0,387.0,356.0,0.0,0.0,0.0
1.0,1.0,2024.0,1.0,15.0,0.0,26.0,343.0,1076.0,1.0,1.0,0.0
30.0,4.0,2022.0,6.0,14.0,0.0,45.0,351.0,72.0,1.0,1.0,1.0
4.0,3.0,2023.0,6.0,15.0,0.0,26.0,397.0,563.0,1.0,0.0,1.0
5.0,3.0,2022.0,6.0,15.0,0.0,36.0,387.0,332.0,0.0,2.0,0.0
7.0,10.0,2023.0,6.0,14.0,0.0,11.0,341.0,387.0,1.0,1.0,1.0
4.0,11.0,2023.0,6.0,15.0,0.0,15.0,1081.0,1076.0,2.0,1.0,1.0
23.0,4.0,2024.0,2.0,19.0,0.0,38.0,338.0,340.0,1.0,0.0,1.0
21.0,10.0,2023.0,6.0,14.0,0.0,12.0,387.0,1076.0,1.0,0.0,1.0
13.0,3.0,2022.0,7.0,14.0,0.0,29.0,62.0,76.0,0.0,0.0,0.0
10.0,2.0,2022.0,4.0,19.0,45.0,24.0,64.0,338.0,1.0,0.0,1.0
13.0,8.0,2022.0,6.0,14.0,0.0,3.0,385.0,355.0,4.0,0.0,1.0
12.0,10.0,2022.0,3.0,18.0,45.0,9.0,387.0,1081.0,0.0,0.0,1.0
23.0,2.0,2022.0,3.0,19.0,45.0,19.0,64.0,341.0,3.0,0.0,1.0
8.0,5.0,2023.0,1.0,14.0,0.0,46.0,1081.0,71.0,0.0,0.0,0.0
22.0,4.0,2023.0,6.0,14.0,0.0,44.0,387.0,385.0,1.0,0.0,1.0
12.0,8.0,2023.0,6.0,16.0,30.0,1.0,67.0,58.0,2.0,1.0,1.0
11.0,11.0,2023.0,6.0,15.0,0.0,16.0,322.0,394.0,0.0,0.0,1.0
11.0,3.0,2023.0,6.0,15.0,0.0,36.0,356.0,389.0,0.0,0.0,0.0
6.0,4.0,2022.0,3.0,18.0,45.0,30.0,343.0,63.0,0.0,0.0,0.0
16.0,9.0,2023.0,6.0,16.0,30.0,5.0,67.0,402.0,0.0,0.0,1.0
19.0,3.0,2022.0,6.0,15.0,0.0,39.0,355.0,59.0,0.0,0.0,1.0
27.0,11.0,2021.0,6.0,15.0,0.0,20.0,70.0,59.0,0.0,0.0,0.0
26.0,12.0,2022.0,1.0,17.0,30.0,17.0,58.0,64.0,0.0,2.0,0.0
16.0,10.0,2022.0,7.0,13.0,0.0,11.0,341.0,57.0,0.0,1.0,0.0
16.0,8.0,2022.0,2.0,19.0,0.0,4.0,69.0,336.0,0.0,1.0,0.0
20.0,3.0,2022.0,7.0,12.0,30.0,39.0,69.0,1077.0,1.0,1.0,0.0
26.0,2.0,2022.0,6.0,17.0,30.0,27.0,62.0,65.0,0.0,0.0,0.0
4.0,1.0,2023.0,3.0,20.0,0.0,19.0,354.0,73.0,0.0,0.0,0.0
25.0,10.0,2023.0,3.0,18.0,45.0,13.0,387.0,349.0,0.0,1.0,0.0
12.0,8.0,2023.0,6.0,14.0,0.0,1.0,62.0,63.0,0.0,0.0,0.0
30.0,4.0,2022.0,6.0,14.0,0.0,45.0,336.0,342.0,0.0,0.0,0.0
30.0,9.0,2023.0,6.0,14.0,0.0,7.0,76.0,65.0,1.0,0.0,1.0
5.0,3.0,2022.0,6.0,15.0,0.0,36.0,70.0,336.0,0.0,0.0,0.0
10.0,4.0,2022.0,7.0,14.0,0.0,41.0,63.0,1076.0,0.0,2.0,0.0
17.0,8.0,2021.0,2.0,18.0,45.0,3.0,336.0,1076.0,0.0,1.0,0.0
18.0,9.0,2021.0,6.0,11.0,30.0,5.0,76.0,402.0,0.0,2.0,0.0
2.0,4.0,2023.0,7.0,13.0,0.0,29.0,563.0,340.0,1.0,0.0,1.0
17.0,12.0,2022.0,6.0,15.0,0.0,23.0,328.0,343.0,0.0,0.0,1.0
3.0,10.0,2023.0,2.0,18.0,45.0,10.0,343.0,715.0,0.0,0.0,1.0
22.0,10.0,2022.0,6.0,14.0,0.0,13.0,65.0,397.0,2.0,0.0,1.0
27.0,12.0,2022.0,2.0,17.0,15.0,24.0,355.0,72.0,1.0,0.0,1.0
3.0,2.0,2024.0,6.0,15.0,0.0,30.0,1081.0,349.0,3.0,0.0,1.0
12.0,12.0,2023.0,2.0,19.0,45.0,21.0,394.0,1081.0,0.0,2.0,0.0
7.0,12.0,2023.0,4.0,19.0,30.0,15.0,62.0,67.0,0.0,0.0,1.0
6.0,8.0,2023.0,7.0,11.0,0.0,1.0,338.0,1076.0,0.0,0.0,1.0
12.0,2.0,2022.0,6.0,15.0,0.0,32.0,336.0,1044.0,1.0,0.0,0.0
22.0,4.0,2023.0,6.0,14.0,0.0,44.0,1076.0,355.0,1.0,0.0,1.0
12.0,11.0,2022.0,6.0,15.0,0.0,21.0,74.0,70.0,1.0,0.0,1.0
18.0,9.0,2021.0,6.0,14.0,0.0,5.0,68.0,346.0,1.0,1.0,0.0
14.0,8.0,2021.0,6.0,11.0,30.0,2.0,1077.0,342.0,0.0,0.0,1.0
30.0,10.0,2022.0,7.0,14.0,0.0,14.0,57.0,351.0,1.0,0.0,1.0
24.0,10.0,2023.0,2.0,18.0,45.0,13.0,72.0,346.0,0.0,0.0,0.0
12.0,3.0,2022.0,6.0,15.0,0.0,37.0,336.0,72.0,1.0,0.0,1.0
3.0,2.0,2024.0,6.0,15.0,0.0,30.0,59.0,69.0,0.0,0.0,0.0
22.0,4.0,2023.0,6.0,14.0,0.0,44.0,332.0,336.0,0.0,0.0,0.0
30.0,10.0,2021.0,6.0,14.0,0.0,15.0,387.0,357.0,2.0,1.0,1.0
6.0,8.0,2022.0,6.0,14.0,0.0,2.0,387.0,71.0,1.0,1.0,0.0
7.0,5.0,2022.0,6.0,11.0,30.0,46.0,342.0,715.0,0.0,0.0,0.0
20.0,1.0,2024.0,6.0,15.0,0.0,28.0,1138.0,715.0,1.0,1.0,1.0
16.0,9.0,2023.0,6.0,14.0,0.0,5.0,66.0,397.0,0.0,1.0,0.0
24.0,4.0,2024.0,3.0,19.0,0.0,29.0,62.0,64.0,1.0,0.0,1.0
11.0,12.0,2021.0,6.0,17.0,30.0,16.0,68.0,66.0,0.0,0.0,0.0
19.0,2.0,2022.0,6.0,15.0,0.0,26.0,58.0,346.0,0.0,0.0,0.0
5.0,10.0,2022.0,3.0,18.0,45.0,13.0,346.0,72.0,1.0,0.0,0.0
2.0,12.0,2023.0,6.0,15.0,0.0,14.0,57.0,76.0,2.0,0.0,1.0
5.0,11.0,2021.0,5.0,20.0,0.0,11.0,340.0,58.0,1.0,0.0,1.0
22.0,10.0,2022.0,6.0,14.0,0.0,17.0,70.0,1076.0,0.0,0.0,0.0
10.0,2.0,2024.0,6.0,15.0,0.0,31.0,343.0,387.0,0.0,2.0,0.0
27.0,8.0,2022.0,6.0,14.0,0.0,6.0,59.0,70.0,0.0,1.0,0.0
15.0,5.0,2022.0,7.0,13.0,0.0,37.0,346.0,338.0,1.0,2.0,0.0
26.0,8.0,2023.0,6.0,14.0,0.0,4.0,74.0,343.0,2.0,1.0,1.0
16.0,9.0,2023.0,6.0,14.0,0.0,6.0,394.0,385.0,1.0,0.0,1.0
26.0,2.0,2023.0,7.0,13.0,30.0,25.0,73.0,61.0,0.0,0.0,1.0
23.0,9.0,2023.0,6.0,14.0,0.0,8.0,349.0,59.0,3.0,1.0,1.0
29.0,3.0,2024.0,5.0,12.0,30.0,39.0,387.0,338.0,0.0,0.0,1.0
13.0,5.0,2023.0,6.0,14.0,0.0,36.0,354.0,1044.0,1.0,0.0,1.0
24.0,2.0,2024.0,6.0,20.0,0.0,26.0,57.0,67.0,2.0,0.0,1.0
25.0,2.0,2023.0,6.0,15.0,0.0,25.0,341.0,340.0,0.0,0.0,1.0
12.0,8.0,2023.0,6.0,14.0,0.0,2.0,1081.0,71.0,1.0,1.0,1.0
18.0,4.0,2022.0,1.0,14.0,0.0,43.0,59.0,70.0,0.0,1.0,0.0
23.0,2.0,2022.0,3.0,19.0,30.0,13.0,328.0,73.0,0.0,0.0,1.0
9.0,4.0,2022.0,6.0,14.0,0.0,41.0,384.0,357.0,1.0,0.0,1.0
23.0,10.0,2022.0,7.0,15.0,30.0,13.0,73.0,67.0,0.0,2.0,0.0
14.0,1.0,2023.0,6.0,15.0,0.0,27.0,343.0,384.0,0.0,0.0,1.0
10.0,9.0,2021.0,5.0,19.0,0.0,6.0,332.0,342.0,1.0,0.0,1.0
8.0,11.0,2022.0,2.0,19.0,45.0,9.0,69.0,394.0,1.0,2.0,0.0
8.0,11.0,2022.0,2.0,19.0,45.0,9.0,336.0,343.0,0.0,1.0,0.0
1.0,8.0,2022.0,1.0,19.0,0.0,1.0,346.0,356.0,0.0,0.0,1.0
22.0,10.0,2021.0,5.0,19.0,0.0,9.0,57.0,58.0,2.0,0.0,1.0
11.0,11.0,2023.0,6.0,15.0,0.0,16.0,343.0,338.0,0.0,0.0,1.0
17.0,8.0,2021.0,2.0,18.0,45.0,3.0,357.0,389.0,0.0,1.0,0.0
11.0,3.0,2023.0,6.0,15.0,0.0,36.0,332.0,385.0,2.0,0.0,1.0
30.0,12.0,2023.0,6.0,15.0,0.0,20.0,76.0,62.0,1.0,0.0,1.0
31.0,12.0,2022.0,6.0,17.0,30.0,18.0,397.0,57.0,0.0,2.0,0.0
4.0,10.0,2023.0,3.0,18.0,45.0,10.0,338.0,1081.0,0.0,0.0,1.0
19.0,2.0,2022.0,6.0,15.0,0.0,33.0,1076.0,357.0,0.0,0.0,1.0
7.0,8.0,2022.0,7.0,15.0,30.0,1.0,563.0,65.0,0.0,1.0,0.0
18.0,2.0,2024.0,7.0,14.0,0.0,25.0,356.0,397.0,0.0,2.0,0.0
22.0,4.0,2023.0,6.0,14.0,0.0,44.0,322.0,346.0,1.0,0.0,1.0
18.0,9.0,2021.0,6.0,16.0,30.0,5.0,58.0,62.0,0.0,0.0,1.0
19.0,2.0,2022.0,6.0,15.0,0.0,33.0,1081.0,355.0,0.0,2.0,0.0
18.0,9.0,2021.0,6.0,14.0,0.0,8.0,715.0,1044.0,0.0,0.0,0.0
14.0,3.0,2023.0,2.0,19.0,45.0,37.0,384.0,72.0,0.0,0.0,1.0
15.0,3.0,2023.0,3.0,19.0,45.0,37.0,59.0,355.0,1.0,0.0,1.0
9.0,3.0,2024.0,6.0,12.0,30.0,37.0,715.0,349.0,0.0,0.0,1.0
14.0,1.0,2023.0,6.0,17.0,30.0,20.0,402.0,1044.0,1.0,0.0,1.0
17.0,2.0,2024.0,6.0,15.0,0.0,33.0,387.0,69.0,0.0,1.0,0.0
15.0,8.0,2021.0,7.0,15.0,30.0,1.0,73.0,65.0,0.0,0.0,1.0
20.0,10.0,2021.0,3.0,18.0,45.0,13.0,343.0,357.0,1.0,0.0,1.0
16.0,10.0,2021.0,6.0,14.0,0.0,12.0,355.0,357.0,0.0,0.0,1.0
18.0,2.0,2023.0,6.0,12.0,30.0,33.0,384.0,356.0,1.0,1.0,1.0
16.0,3.0,2024.0,6.0,15.0,0.0,29.0,328.0,402.0,1.0,0.0,1.0
10.0,4.0,2023.0,1.0,14.0,0.0,41.0,715.0,71.0,0.0,0.0,0.0
23.0,4.0,2022.0,6.0,11.0,30.0,34.0,57.0,66.0,2.0,1.0,1.0
20.0,11.0,2021.0,6.0,15.0,0.0,18.0,322.0,332.0,1.0,0.0,1.0
28.0,8.0,2021.0,6.0,11.0,30.0,5.0,715.0,387.0,0.0,1.0,0.0
18.0,2.0,2023.0,6.0,15.0,0.0,33.0,389.0,328.0,0.0,0.0,0.0
1.0,4.0,2024.0,1.0,14.0,0.0,40.0,343.0,345.0,1.0,0.0,1.0
4.0,12.0,2021.0,6.0,15.0,0.0,21.0,336.0,389.0,0.0,1.0,0.0
18.0,10.0,2022.0,2.0,18.0,45.0,16.0,68.0,389.0,0.0,0.0,0.0
23.0,10.0,2021.0,6.0,14.0,0.0,14.0,1044.0,394.0,2.0,0.0,1.0
13.0,8.0,2022.0,6.0,14.0,0.0,2.0,65.0,1044.0,3.0,0.0,1.0
4.0,12.0,2021.0,6.0,15.0,0.0,21.0,384.0,332.0,2.0,0.0,1.0
2.0,4.0,2023.0,7.0,15.0,30.0,29.0,67.0,66.0,0.0,0.0,1.0
27.0,4.0,2024.0,6.0,14.0,0.0,45.0,340.0,70.0,0.0,1.0,0.0
1.0,4.0,2023.0,6.0,14.0,0.0,29.0,354.0,338.0,0.0,0.0,1.0
22.0,1.0,2022.0,6.0,15.0,0.0,28.0,1076.0,69.0,0.0,1.0,0.0
1.0,11.0,2022.0,2.0,19.0,45.0,19.0,1076.0,59.0,1.0,0.0,1.0
2.0,5.0,2023.0,2.0,19.0,0.0,34.0,57.0,61.0,3.0,0.0,1.0
16.0,12.0,2023.0,6.0,15.0,0.0,22.0,340.0,59.0,1.0,0.0,1.0
20.0,11.0,2021.0,6.0,15.0,0.0,12.0,76.0,563.0,0.0,0.0,1.0
5.0,4.0,2022.0,2.0,18.0,45.0,24.0,384.0,72.0,0.0,0.0,0.0
6.0,4.0,2024.0,6.0,11.0,30.0,32.0,354.0,65.0,1.0,1.0,0.0
15.0,4.0,2023.0,6.0,14.0,0.0,42.0,336.0,75.0,1.0,0.0,1.0
18.0,9.0,2022.0,7.0,13.0,15.0,8.0,62.0,563.0,0.0,0.0,1.0
2.0,3.0,2024.0,6.0,15.0,0.0,35.0,385.0,345.0,0.0,0.0,0.0
13.0,1.0,2024.0,6.0,17.0,30.0,27.0,349.0,71.0,1.0,1.0,1.0
22.0,5.0,2022.0,7.0,15.0,0.0,38.0,402.0,341.0,0.0,0.0,0.0
16.0,4.0,2022.0,6.0,14.0,0.0,33.0,66.0,68.0,2.0,1.0,1.0
3.0,2.0,2024.0,6.0,15.0,0.0,30.0,346.0,715.0,0.0,1.0,0.0
25.0,1.0,2022.0,2.0,19.0,45.0,26.0,351.0,357.0,2.0,0.0,1.0
28.0,8.0,2021.0,6.0,14.0,0.0,5.0,69.0,1076.0,0.0,0.0,1.0
11.0,9.0,2021.0,6.0,14.0,0.0,4.0,346.0,76.0,0.0,0.0,0.0
15.0,4.0,2023.0,6.0,14.0,0.0,42.0,70.0,74.0,1.0,0.0,0.0
19.0,2.0,2022.0,6.0,15.0,0.0,33.0,387.0,343.0,1.0,0.0,1.0
9.0,2.0,2022.0,3.0,19.0,45.0,24.0,65.0,402.0,1.0,0.0,1.0
24.0,10.0,2023.0,2.0,19.0,0.0,13.0,338.0,71.0,1.0,0.0,1.0
22.0,4.0,2023.0,6.0,14.0,0.0,44.0,328.0,69.0,0.0,0.0,0.0
26.0,2.0,2022.0,6.0,15.0,0.0,35.0,351.0,387.0,1.0,0.0,1.0
17.0,2.0,2024.0,6.0,15.0,0.0,33.0,394.0,322.0,0.0,1.0,0.0
16.0,3.0,2024.0,6.0,12.0,30.0,38.0,72.0,715.0,1.0,0.0,1.0
16.0,3.0,2024.0,6.0,17.0,30.0,29.0,63.0,73.0,1.0,0.0,1.0
20.0,8.0,2022.0,6.0,11.0,30.0,3.0,73.0,76.0,0.0,0.0,1.0
14.0,9.0,2022.0,3.0,18.0,45.0,10.0,384.0,69.0,0.0,0.0,0.0
7.0,5.0,2023.0,7.0,18.0,0.0,35.0,563.0,66.0,1.0,0.0,1.0
22.0,4.0,2023.0,6.0,14.0,0.0,44.0,75.0,384.0,1.0,1.0,1.0
14.0,2.0,2024.0,3.0,20.0,0.0,32.0,384.0,349.0,0.0,3.0,0.0
19.0,2.0,2023.0,7.0,16.0,30.0,24.0,73.0,563.0,0.0,0.0,1.0
12.0,2.0,2022.0,6.0,15.0,0.0,32.0,343.0,342.0,3.0,1.0,1.0
27.0,12.0,2023.0,3.0,20.0,15.0,19.0,62.0,65.0,1.0,0.0,0.0
26.0,12.0,2023.0,2.0,15.0,0.0,24.0,340.0,72.0,1.0,0.0,1.0
16.0,12.0,2023.0,6.0,15.0,0.0,22.0,72.0,343.0,0.0,1.0,0.0
28.0,10.0,2023.0,6.0,14.0,0.0,14.0,715.0,387.0,1.0,0.0,1.0
4.0,3.0,2023.0,6.0,15.0,0.0,26.0,58.0,354.0,1.0,0.0,1.0
21.0,8.0,2021.0,6.0,14.0,0.0,4.0,356.0,394.0,0.0,0.0,0.0
25.0,2.0,2023.0,6.0,15.0,0.0,25.0,563.0,351.0,0.0,0.0,1.0
30.0,4.0,2022.0,6.0,14.0,0.0,45.0,59.0,1044.0,0.0,1.0,0.0
16.0,3.0,2024.0,6.0,15.0,0.0,38.0,70.0,68.0,0.0,2.0,0.0
20.0,4.0,2024.0,6.0,14.0,0.0,44.0,70.0,1138.0,2.0,0.0,1.0
16.0,4.0,2022.0,6.0,11.0,30.0,33.0,73.0,397.0,0.0,0.0,0.0
29.0,11.0,2023.0,3.0,19.0,45.0,18.0,71.0,394.0,1.0,1.0,0.0
15.0,1.0,2022.0,6.0,15.0,0.0,27.0,69.0,74.0,0.0,0.0,1.0
30.0,7.0,2022.0,6.0,14.0,0.0,1.0,59.0,69.0,1.0,0.0,1.0
29.0,4.0,2023.0,6.0,14.0,0.0,45.0,1076.0,332.0,2.0,0.0,1.0
28.0,8.0,2021.0,6.0,11.0,30.0,3.0,65.0,57.0,3.0,0.0,1.0
29.0,12.0,2023.0,5.0,19.0,45.0,25.0,1081.0,345.0,0.0,1.0,0.0
23.0,10.0,2021.0,6.0,14.0,0.0,14.0,1077.0,69.0,0.0,0.0,1.0
1.0,4.0,2024.0,1.0,14.0,0.0,40.0,71.0,59.0,0.0,2.0,0.0
30.0,8.0,2022.0,2.0,18.0,45.0,7.0,69.0,322.0,3.0,0.0,1.0
29.0,12.0,2022.0,4.0,19.0,45.0,25.0,75.0,71.0,1.0,1.0,0.0
7.0,11.0,2021.0,7.0,16.0,30.0,11.0,563.0,64.0,1.0,1.0,1.0
3.0,11.0,2021.0,3.0,19.0,45.0,16.0,1044.0,1081.0,0.0,0.0,0.0
15.0,3.0,2023.0,3.0,20.0,0.0,37.0,71.0,356.0,1.0,1.0,0.0
21.0,8.0,2021.0,6.0,14.0,0.0,4.0,63.0,322.0,2.0,0.0,1.0
19.0,2.0,2022.0,6.0,15.0,0.0,26.0,354.0,61.0,0.0,0.0,0.0
10.0,4.0,2024.0,3.0,18.0,45.0,42.0,332.0,715.0,0.0,0.0,0.0
16.0,1.0,2022.0,7.0,14.0,0.0,22.0,563.0,341.0,1.0,2.0,0.0
4.0,2.0,2023.0,6.0,12.0,30.0,22.0,62.0,57.0,0.0,0.0,1.0
14.0,2.0,2023.0,2.0,19.0,45.0,32.0,69.0,71.0,0.0,1.0,0.0
14.0,8.0,2021.0,6.0,14.0,0.0,1.0,61.0,354.0,2.0,0.0,1.0
18.0,9.0,2021.0,6.0,14.0,0.0,8.0,394.0,351.0,0.0,1.0,0.0
19.0,4.0,2022.0,2.0,18.0,45.0,43.0,63.0,1081.0,3.0,0.0,1.0
21.0,8.0,2021.0,6.0,14.0,0.0,4.0,715.0,384.0,0.0,0.0,1.0
18.0,12.0,2023.0,1.0,20.0,0.0,22.0,332.0,338.0,1.0,2.0,0.0
23.0,9.0,2023.0,6.0,14.0,0.0,6.0,65.0,351.0,2.0,0.0,1.0
27.0,11.0,2021.0,6.0,12.0,30.0,13.0,57.0,67.0,0.0,0.0,1.0
4.0,12.0,2021.0,6.0,15.0,0.0,21.0,351.0,1077.0,0.0,0.0,1.0
11.0,5.0,2022.0,3.0,19.0,15.0,33.0,76.0,65.0,1.0,3.0,0.0
13.0,2.0,2024.0,2.0,19.0,45.0,32.0,332.0,59.0,0.0,0.0,1.0
28.0,10.0,2023.0,6.0,14.0,0.0,14.0,71.0,68.0,2.0,1.0,1.0
4.0,5.0,2024.0,6.0,14.0,0.0,36.0,328.0,67.0,0.0,3.0,0.0
8.0,4.0,2022.0,5.0,19.0,0.0,32.0,67.0,76.0,0.0,0.0,1.0
28.0,9.0,2021.0,2.0,18.0,45.0,10.0,69.0,332.0,1.0,0.0,1.0
6.0,4.0,2022.0,3.0,18.0,30.0,19.0,328.0,62.0,1.0,2.0,1.0
12.0,11.0,2023.0,7.0,14.0,0.0,12.0,563.0,351.0,1.0,1.0,1.0
14.0,8.0,2021.0,6.0,16.0,30.0,1.0,68.0,64.0,0.0,1.0,0.0
31.0,1.0,2024.0,3.0,19.0,30.0,22.0,65.0,328.0,2.0,0.0,1.0
21.0,1.0,2023.0,6.0,12.0,30.0,28.0,1076.0,68.0,2.0,3.0,0.0
8.0,5.0,2023.0,1.0,16.0,30.0,35.0,397.0,62.0,0.0,3.0,0.0
26.0,12.0,2022.0,1.0,15.0,0.0,17.0,338.0,67.0,0.0,3.0,0.0
9.0,4.0,2024.0,2.0,18.0,45.0,42.0,340.0,1076.0,2.0,0.0,1.0
15.0,3.0,2022.0,2.0,19.0,45.0,38.0,59.0,342.0,0.0,1.0,1.0
25.0,10.0,2023.0,3.0,19.0,0.0,13.0,70.0,341.0,0.0,0.0,1.0
18.0,2.0,2023.0,6.0,12.0,30.0,24.0,58.0,57.0,2.0,1.0,0.0
4.0,10.0,2023.0,3.0,18.0,45.0,10.0,71.0,346.0,1.0,0.0,1.0
23.0,2.0,2022.0,3.0,19.0,30.0,18.0,346.0,354.0,1.0,2.0,0.0
10.0,4.0,2024.0,3.0,19.0,0.0,42.0,74.0,385.0,2.0,0.0,1.0
27.0,4.0,2022.0,3.0,18.0,45.0,39.0,343.0,715.0,1.0,0.0,1.0
19.0,9.0,2023.0,2.0,18.0,45.0,7.0,715.0,1076.0,1.0,1.0,1.0
3.0,11.0,2021.0,3.0,19.0,45.0,16.0,59.0,63.0,0.0,2.0,0.0
4.0,4.0,2023.0,2.0,18.0,45.0,7.0,1044.0,397.0,0.0,1.0,0.0
17.0,8.0,2021.0,2.0,18.0,45.0,3.0,384.0,63.0,0.0,2.0,0.0
26.0,12.0,2022.0,1.0,15.0,0.0,24.0,1081.0,394.0,1.0,0.0,0.0
4.0,2.0,2023.0,6.0,15.0,0.0,22.0,66.0,354.0,1.0,0.0,1.0
21.0,5.0,2023.0,7.0,12.0,30.0,37.0,563.0,341.0,1.0,1.0,1.0
15.0,10.0,2022.0,6.0,14.0,0.0,15.0,387.0,384.0,0.0,1.0,0.0
22.0,8.0,2022.0,1.0,19.0,0.0,3.0,66.0,64.0,1.0,0.0,1.0
25.0,2.0,2023.0,6.0,15.0,0.0,34.0,332.0,389.0,0.0,0.0,0.0
23.0,2.0,2022.0,3.0,19.0,45.0,34.0,69.0,336.0,1.0,0.0,1.0
18.0,2.0,2023.0,6.0,15.0,0.0,24.0,62.0,341.0,0.0,0.0,1.0
12.0,8.0,2022.0,5.0,19.0,0.0,3.0,346.0,328.0,1.0,0.0,1.0
30.0,4.0,2022.0,6.0,11.0,30.0,35.0,67.0,64.0,0.0,1.0,0.0
16.0,10.0,2021.0,6.0,14.0,0.0,12.0,384.0,389.0,0.0,1.0,0.0
17.0,9.0,2022.0,6.0,14.0,0.0,11.0,75.0,355.0,0.0,0.0,0.0
10.0,3.0,2023.0,5.0,20.0,0.0,36.0,70.0,59.0,2.0,0.0,1.0
6.0,4.0,2024.0,6.0,14.0,0.0,32.0,389.0,1044.0,0.0,0.0,1.0
1.0,1.0,2024.0,1.0,17.0,15.0,26.0,345.0,322.0,0.0,0.0,1.0
4.0,5.0,2024.0,6.0,11.0,30.0,46.0,74.0,1081.0,1.0,0.0,1.0
29.0,1.0,2022.0,6.0,17.0,30.0,29.0,1077.0,356.0,0.0,0.0,0.0
30.0,10.0,2021.0,6.0,11.0,30.0,15.0,63.0,74.0,2.0,0.0,1.0
19.0,10.0,2021.0,2.0,18.0,45.0,13.0,69.0,59.0,0.0,0.0,1.0
9.0,12.0,2023.0,6.0,15.0,0.0,20.0,338.0,1138.0,1.0,0.0,1.0
5.0,3.0,2022.0,6.0,15.0,0.0,36.0,355.0,384.0,0.0,1.0,0.0
16.0,9.0,2023.0,6.0,14.0,0.0,6.0,69.0,71.0,1.0,1.0,0.0
4.0,5.0,2024.0,6.0,16.0,30.0,36.0,65.0,76.0,3.0,0.0,1.0
12.0,11.0,2022.0,6.0,15.0,0.0,16.0,351.0,354.0,0.0,0.0,1.0
31.0,8.0,2022.0,3.0,18.0,30.0,5.0,65.0,351.0,3.0,0.0,1.0
12.0,11.0,2023.0,7.0,14.0,0.0,12.0,58.0,63.0,2.0,0.0,1.0
28.0,8.0,2021.0,6.0,14.0,0.0,5.0,63.0,70.0,1.0,0.0,1.0
9.0,3.0,2024.0,6.0,15.0,0.0,37.0,340.0,71.0,2.0,0.0,1.0
11.0,3.0,2023.0,6.0,12.0,30.0,27.0,1044.0,64.0,1.0,0.0,1.0
9.0,2.0,2024.0,5.0,20.0,0.0,31.0,345.0,332.0,1.0,0.0,1.0
8.0,5.0,2023.0,1.0,14.0,0.0,46.0,346.0,70.0,0.0,0.0,1.0
12.0,9.0,2021.0,7.0,13.0,30.0,6.0,351.0,715.0,1.0,0.0,0.0
21.0,10.0,2023.0,6.0,14.0,0.0,9.0,1044.0,76.0,1.0,0.0,0.0
17.0,2.0,2024.0,6.0,12.0,30.0,33.0,1138.0,341.0,0.0,1.0,0.0
13.0,9.0,2022.0,2.0,18.0,45.0,10.0,343.0,715.0,0.0,3.0,0.0
11.0,11.0,2023.0,6.0,15.0,0.0,12.0,66.0,389.0,0.0,0.0,1.0
28.0,9.0,2021.0,2.0,18.0,45.0,10.0,394.0,59.0,1.0,0.0,1.0
25.0,4.0,2023.0,2.0,18.0,45.0,33.0,58.0,63.0,1.0,0.0,1.0
6.0,3.0,2022.0,7.0,14.0,0.0,28.0,346.0,57.0,1.0,2.0,0.0
5.0,11.0,2022.0,6.0,15.0,0.0,20.0,70.0,332.0,0.0,1.0,0.0
6.0,12.0,2023.0,3.0,20.0,15.0,15.0,58.0,65.0,0.0,0.0,1.0
14.0,5.0,2023.0,7.0,15.0,30.0,36.0,57.0,397.0,0.0,0.0,0.0
21.0,2.0,2024.0,3.0,19.0,30.0,26.0,64.0,389.0,0.0,1.0,1.0
5.0,2.0,2023.0,7.0,14.0,0.0,22.0,351.0,341.0,1.0,0.0,1.0
27.0,11.0,2021.0,6.0,15.0,0.0,20.0,72.0,355.0,1.0,2.0,0.0
19.0,2.0,2022.0,6.0,15.0,0.0,33.0,356.0,72.0,3.0,0.0,1.0
4.0,2.0,2023.0,6.0,12.0,30.0,30.0,68.0,328.0,0.0,1.0,0.0
6.0,12.0,2023.0,3.0,19.0,30.0,15.0,354.0,1044.0,0.0,1.0,0.0
4.0,12.0,2021.0,6.0,12.0,30.0,15.0,563.0,61.0,1.0,2.0,1.0
2.0,12.0,2023.0,6.0,15.0,0.0,14.0,328.0,356.0,2.0,0.0,1.0
29.0,9.0,2021.0,3.0,18.0,45.0,10.0,357.0,351.0,1.0,0.0,0.0
18.0,10.0,2022.0,2.0,19.0,0.0,16.0,59.0,71.0,1.0,0.0,1.0
2.0,10.0,2021.0,6.0,11.0,30.0,11.0,1076.0,63.0,0.0,1.0,1.0
22.0,1.0,2022.0,6.0,15.0,0.0,28.0,332.0,357.0,1.0,0.0,1.0
1.0,4.0,2023.0,6.0,14.0,0.0,29.0,57.0,341.0,1.0,0.0,1.0
11.0,12.0,2021.0,6.0,15.0,0.0,22.0,74.0,355.0,0.0,0.0,1.0
19.0,12.0,2022.0,1.0,20.0,0.0,23.0,75.0,356.0,0.0,1.0,0.0
1.0,4.0,2023.0,6.0,11.0,30.0,39.0,389.0,346.0,1.0,0.0,1.0
30.0,1.0,2024.0,2.0,20.0,15.0,22.0,58.0,67.0,0.0,2.0,0.0
2.0,1.0,2023.0,1.0,15.0,15.0,26.0,70.0,1081.0,0.0,0.0,0.0
1.0,4.0,2023.0,6.0,14.0,0.0,39.0,332.0,59.0,0.0,0.0,1.0
19.0,10.0,2022.0,3.0,18.0,30.0,12.0,67.0,62.0,1.0,0.0,1.0
16.0,9.0,2023.0,6.0,14.0,0.0,6.0,68.0,70.0,1.0,0.0,1.0
9.0,4.0,2022.0,6.0,16.0,30.0,32.0,58.0,73.0,0.0,1.0,0.0
21.0,8.0,2021.0,6.0,14.0,0.0,4.0,389.0,332.0,0.0,2.0,0.0
4.0,3.0,2023.0,6.0,15.0,0.0,35.0,394.0,1076.0,0.0,1.0,0.0
17.0,8.0,2022.0,3.0,19.0,0.0,4.0,356.0,71.0,1.0,0.0,1.0
13.0,4.0,2024.0,6.0,14.0,0.0,43.0,384.0,715.0,2.0,1.0,1.0
12.0,12.0,2022.0,1.0,20.0,0.0,22.0,71.0,74.0,1.0,0.0,0.0
15.0,4.0,2024.0,1.0,19.0,0.0,33.0,61.0,62.0,4.0,0.0,1.0
15.0,9.0,2021.0,3.0,18.0,45.0,7.0,351.0,343.0,0.0,1.0,0.0
16.0,10.0,2022.0,7.0,14.0,0.0,15.0,322.0,332.0,0.0,1.0,0.0
26.0,12.0,2022.0,1.0,15.0,0.0,24.0,387.0,74.0,0.0,1.0,0.0
24.0,4.0,2023.0,1.0,19.0,0.0,44.0,389.0,343.0,0.0,1.0,1.0
13.0,9.0,2021.0,1.0,19.0,0.0,4.0,62.0,328.0,0.0,0.0,1.0
2.0,2.0,2022.0,3.0,19.0,45.0,30.0,394.0,342.0,0.0,0.0,1.0
16.0,12.0,2021.0,4.0,20.0,0.0,17.0,64.0,67.0,2.0,1.0,1.0
28.0,1.0,2023.0,6.0,15.0,0.0,29.0,343.0,346.0,2.0,0.0,1.0
3.0,11.0,2021.0,3.0,19.0,45.0,16.0,357.0,342.0,1.0,1.0,1.0
15.0,9.0,2023.0,5.0,19.0,0.0,6.0,340.0,338.0,1.0,3.0,0.0
27.0,12.0,2022.0,2.0,20.0,0.0,17.0,66.0,351.0,2.0,0.0,1.0
9.0,4.0,2022.0,6.0,14.0,0.0,41.0,355.0,715.0,1.0,0.0,0.0
2.0,5.0,2022.0,1.0,16.0,15.0,45.0,63.0,389.0,2.0,0.0,1.0
10.0,3.0,2024.0,7.0,12.0,30.0,37.0,387.0,72.0,0.0,0.0,1.0
21.0,10.0,2023.0,6.0,14.0,0.0,12.0,394.0,69.0,2.0,1.0,1.0
2.0,4.0,2022.0,6.0,14.0,0.0,40.0,70.0,356.0,0.0,0.0,1.0
20.0,11.0,2021.0,6.0,15.0,0.0,12.0,58.0,397.0,0.0,0.0,1.0
25.0,10.0,2022.0,2.0,19.0,0.0,9.0,328.0,68.0,0.0,0.0,1.0
20.0,4.0,2024.0,6.0,11.0,30.0,44.0,338.0,74.0,1.0,0.0,1.0
1.0,5.0,2022.0,7.0,13.0,0.0,35.0,62.0,61.0,0.0,0.0,1.0
28.0,12.0,2022.0,3.0,20.0,0.0,17.0,341.0,65.0,0.0,1.0,0.0
23.0,9.0,2023.0,6.0,14.0,0.0,8.0,338.0,387.0,0.0,0.0,1.0
25.0,11.0,2023.0,6.0,15.0,0.0,17.0,1081.0,715.0,0.0,0.0,0.0
2.0,4.0,2022.0,6.0,14.0,0.0,40.0,715.0,72.0,0.0,1.0,0.0
6.0,4.0,2024.0,6.0,14.0,0.0,32.0,76.0,563.0,1.0,0.0,0.0
20.0,4.0,2022.0,3.0,18.0,45.0,25.0,61.0,57.0,2.0,2.0,0.0
13.0,2.0,2024.0,2.0,20.0,0.0,32.0,74.0,715.0,1.0,0.0,1.0
11.0,3.0,2023.0,6.0,15.0,0.0,36.0,355.0,384.0,0.0,1.0,0.0
28.0,10.0,2023.0,6.0,14.0,0.0,14.0,349.0,1138.0,1.0,1.0,1.0
9.0,3.0,2024.0,6.0,15.0,0.0,37.0,68.0,385.0,4.0,0.0,1.0
25.0,9.0,2021.0,6.0,14.0,0.0,9.0,70.0,322.0,1.0,0.0,1.0
18.0,3.0,2023.0,6.0,15.0,0.0,38.0,343.0,1081.0,1.0,0.0,1.0
27.0,8.0,2023.0,7.0,13.0,0.0,3.0,356.0,65.0,0.0,0.0,0.0
24.0,9.0,2023.0,7.0,11.0,0.0,8.0,70.0,322.0,0.0,2.0,0.0
12.0,12.0,2023.0,2.0,19.0,45.0,21.0,346.0,349.0,1.0,1.0,0.0
9.0,4.0,2022.0,6.0,14.0,0.0,41.0,1081.0,69.0,1.0,0.0,1.0
5.0,5.0,2024.0,7.0,15.0,30.0,36.0,64.0,73.0,2.0,0.0,1.0
2.0,11.0,2022.0,3.0,19.0,45.0,19.0,394.0,71.0,0.0,0.0,0.0
26.0,8.0,2023.0,6.0,14.0,0.0,3.0,66.0,351.0,1.0,2.0,1.0
4.0,3.0,2023.0,6.0,15.0,0.0,26.0,57.0,1044.0,0.0,1.0,1.0
20.0,1.0,2024.0,6.0,12.0,30.0,21.0,57.0,354.0,2.0,0.0,1.0
6.0,12.0,2023.0,3.0,19.0,30.0,15.0,397.0,402.0,1.0,1.0,1.0
28.0,2.0,2022.0,1.0,20.0,0.0,35.0,74.0,72.0,0.0,0.0,0.0
4.0,11.0,2023.0,6.0,15.0,0.0,15.0,74.0,322.0,1.0,1.0,1.0
20.0,1.0,2024.0,6.0,15.0,0.0,28.0,345.0,1076.0,0.0,1.0,0.0
29.0,4.0,2024.0,1.0,19.0,0.0,45.0,1081.0,338.0,0.0,1.0,0.0
1.0,4.0,2023.0,6.0,16.0,30.0,29.0,61.0,58.0,0.0,1.0,0.0
18.0,1.0,2022.0,2.0,19.0,45.0,24.0,63.0,332.0,4.0,1.0,1.0
30.0,10.0,2021.0,6.0,14.0,0.0,15.0,322.0,1076.0,0.0,1.0,0.0
11.0,12.0,2021.0,6.0,15.0,0.0,16.0,64.0,58.0,0.0,0.0,1.0
23.0,12.0,2023.0,6.0,15.0,0.0,23.0,59.0,346.0,1.0,0.0,0.0
10.0,2.0,2024.0,6.0,15.0,0.0,31.0,341.0,385.0,1.0,0.0,1.0
11.0,12.0,2021.0,6.0,15.0,0.0,16.0,61.0,341.0,1.0,1.0,1.0
5.0,4.0,2022.0,2.0,19.0,0.0,30.0,355.0,70.0,1.0,1.0,1.0
12.0,8.0,2023.0,6.0,14.0,0.0,2.0,332.0,341.0,0.0,0.0,1.0
25.0,9.0,2021.0,6.0,14.0,0.0,6.0,62.0,68.0,1.0,0.0,1.0
23.0,2.0,2022.0,3.0,19.0,45.0,34.0,394.0,715.0,0.0,0.0,1.0
18.0,4.0,2023.0,2.0,19.0,0.0,43.0,384.0,332.0,0.0,1.0,0.0
25.0,2.0,2023.0,6.0,15.0,0.0,34.0,355.0,336.0,1.0,0.0,1.0
2.0,4.0,2022.0,6.0,14.0,0.0,40.0,1044.0,387.0,1.0,1.0,1.0
27.0,12.0,2021.0,1.0,17.0,30.0,24.0,69.0,1044.0,0.0,1.0,0.0
17.0,12.0,2022.0,6.0,17.0,30.0,23.0,68.0,59.0,0.0,1.0,0.0
10.0,2.0,2024.0,6.0,15.0,0.0,31.0,346.0,338.0,0.0,1.0,0.0
13.0,3.0,2024.0,3.0,19.0,30.0,17.0,1044.0,389.0,0.0,3.0,1.0
19.0,3.0,2022.0,6.0,15.0,0.0,39.0,70.0,384.0,1.0,0.0,1.0
27.0,4.0,2024.0,6.0,14.0,0.0,45.0,387.0,385.0,1.0,0.0,1.0
6.0,12.0,2023.0,3.0,20.0,15.0,15.0,66.0,61.0,1.0,1.0,1.0
17.0,10.0,2021.0,7.0,11.0,0.0,12.0,72.0,715.0,1.0,0.0,1.0
16.0,8.0,2022.0,2.0,18.0,45.0,4.0,387.0,389.0,2.0,0.0,1.0
9.0,2.0,2022.0,3.0,19.0,45.0,31.0,1044.0,332.0,2.0,0.0,1.0
13.0,8.0,2022.0,6.0,11.0,30.0,3.0,715.0,332.0,1.0,0.0,1.0
4.0,9.0,2022.0,7.0,14.0,0.0,8.0,322.0,356.0,0.0,1.0,0.0
13.0,2.0,2022.0,7.0,14.0,0.0,25.0,67.0,58.0,1.0,0.0,1.0
19.0,3.0,2022.0,6.0,12.0,30.0,30.0,58.0,57.0,0.0,1.0,0.0
30.0,4.0,2024.0,2.0,19.0,0.0,44.0,1076.0,349.0,0.0,1.0,0.0
17.0,2.0,2024.0,6.0,15.0,0.0,25.0,328.0,57.0,0.0,2.0,0.0
13.0,8.0,2021.0,5.0,19.0,0.0,1.0,402.0,57.0,1.0,0.0,1.0
5.0,3.0,2024.0,2.0,19.0,45.0,36.0,71.0,338.0,0.0,1.0,0.0
21.0,4.0,2024.0,7.0,15.0,30.0,34.0,63.0,64.0,1.0,1.0,0.0
17.0,9.0,2022.0,6.0,16.0,30.0,8.0,73.0,338.0,2.0,2.0,1.0
28.0,8.0,2022.0,7.0,15.0,30.0,4.0,351.0,73.0,0.0,1.0,0.0
11.0,5.0,2024.0,6.0,16.0,30.0,37.0,351.0,61.0,1.0,1.0,0.0
8.0,10.0,2022.0,6.0,14.0,0.0,14.0,384.0,343.0,1.0,0.0,1.0
28.0,11.0,2023.0,2.0,19.0,45.0,18.0,343.0,1081.0,3.0,0.0,1.0
15.0,1.0,2022.0,6.0,15.0,0.0,27.0,342.0,356.0,0.0,0.0,1.0
2.0,3.0,2024.0,6.0,15.0,0.0,27.0,63.0,397.0,2.0,0.0,1.0
30.0,12.0,2023.0,6.0,15.0,0.0,20.0,65.0,356.0,1.0,0.0,1.0
27.0,11.0,2021.0,6.0,15.0,0.0,20.0,394.0,343.0,0.0,2.0,0.0
30.0,4.0,2022.0,6.0,14.0,0.0,45.0,384.0,1077.0,0.0,0.0,1.0
28.0,5.0,2023.0,7.0,15.0,30.0,38.0,338.0,563.0,1.0,0.0,1.0
18.0,4.0,2022.0,1.0,14.0,0.0,43.0,384.0,322.0,0.0,0.0,1.0
20.0,3.0,2022.0,7.0,16.0,30.0,30.0,73.0,563.0,2.0,1.0,1.0
26.0,12.0,2023.0,2.0,12.0,30.0,24.0,1081.0,341.0,0.0,0.0,1.0
